Candidate_ID,Candidate_Name,Candidate_Source,Department,Application_Date,Expected_Salary,Experience_Years,Screening_Status,Interview_Status,Offer_Status,Hiring_Status
1,Kailey Adolf,Referral,Data Analytics,28/07/2025,342158,9,Passed,Passed,Offered,Not Hired
2,Isabelle Gossan,Campus Hiring,Data Analytics,20/03/2025,424941,4,Passed,Failed,Not Reached,Not Hired
3,Maury Canaan,Naukri,Data Analytics,27/02/2025,1052192,7,Passed,Passed,Rejected,Not Hired
4,Ugo Gaddie,Naukri,Engineering,22/08/2025,1004715,8,Passed,Passed,Rejected,Not Hired
5,Susana Cess,Referral,Engineering,14/02/2025,1133900,4,Passed,Passed,Offered,Not Hired
6,Jeff Chritchley,Campus Hiring,Sales,24/05/2025,837946,5,Passed,Failed,Not Reached,Not Hired
7,Bea Pasquale,Naukri,Data Analytics,30/08/2025,939558,0,Passed,Passed,Offered,Hired
8,Joshua Pascall,Naukri,Engineering,29/12/2025,1198555,1,Passed,Passed,Rejected,Not Hired
9,Dal Heath,Referral,Data Analytics,20/06/2025,344263,9,Passed,Passed,Offered,Not Hired
10,Mitchael Guest,Naukri,HR,31/03/2025,655198,5,Passed,Passed,Rejected,Not Hired
11,Brigitta Glading,Indeed,Marketing,3/3/2025,410567,7,Passed,Failed,Not Reached,Not Hired
12,Godfry Temlett,Naukri,Marketing,6/3/2025,450368,8,Passed,Passed,Offered,Hired
13,Hy McSporon,Indeed,Marketing,28/03/2025,556178,6,Passed,Failed,Not Reached,Not Hired
14,Muffin Cluley,Referral,Sales,20/10/2025,842806,6,Passed,Failed,Not Reached,Not Hired
15,Neda Coltman,Campus Hiring,Engineering,10/7/2025,738220,2,Passed,Passed,Offered,Hired
16,Charis Gohier,Referral,Engineering,1/6/2025,1053667,10,Passed,Passed,Offered,Not Hired
17,Sula Kleint,LinkedIn,Engineering,7/10/2025,647903,0,Passed,Passed,Rejected,Not Hired
18,Lib Giffaut,LinkedIn,Engineering,30/06/2025,913368,10,Passed,Failed,Not Reached,Not Hired
19,Joanna Skelhorn,LinkedIn,Sales,23/09/2025,681490,5,Passed,Passed,Rejected,Not Hired
20,Carena Struss,Campus Hiring,Engineering,8/12/2025,325108,9,Passed,Passed,Offered,Hired
21,Jana Frankcom,Campus Hiring,HR,14/12/2025,482582,9,Passed,Passed,Rejected,Not Hired
22,Bab Landy,Indeed,HR,13/06/2025,1166572,10,Passed,Passed,Rejected,Not Hired
23,Sanford Fencott,LinkedIn,Marketing,16/08/2025,903525,6,Passed,Passed,Rejected,Not Hired
24,Gillian MacAlaster,LinkedIn,Marketing,23/09/2025,1041811,10,Passed,Failed,Not Reached,Not Hired
25,Halimeda Proffitt,Naukri,Data Analytics,29/05/2025,938570,0,Failed,Not Reached,Not Reached,Not Hired
26,Sergio Gregorace,LinkedIn,HR,16/09/2025,317530,6,Passed,Passed,Rejected,Not Hired
27,Jere Cheyenne,Indeed,Marketing,19/04/2025,350386,9,Passed,Passed,Rejected,Not Hired
28,Allan MacLice,LinkedIn,Engineering,11/9/2025,329730,10,Passed,Failed,Not Reached,Not Hired
29,Flint Fumagalli,Campus Hiring,HR,17/03/2025,385922,0,Passed,Passed,Offered,Hired
30,Ealasaid Dwire,LinkedIn,HR,11/11/2025,1089549,1,Passed,Passed,Rejected,Not Hired
31,Jayme Bliben,Campus Hiring,HR,18/06/2025,1120905,3,Passed,Passed,Rejected,Not Hired
32,Teodor Joburn,Referral,Data Analytics,17/12/2025,1054831,10,Passed,Failed,Not Reached,Not Hired
33,Frankie Hartmann,LinkedIn,Marketing,24/06/2025,696867,9,Passed,Failed,Not Reached,Not Hired
34,Glynis Paybody,Campus Hiring,Marketing,18/04/2025,1087884,10,Passed,Passed,Offered,Hired
35,Lane McAuslene,LinkedIn,Data Analytics,12/10/2025,631025,6,Passed,Failed,Not Reached,Not Hired
36,Danice Selby,Indeed,Marketing,18/03/2025,1096107,3,Passed,Failed,Not Reached,Not Hired
37,Juliana Lindsey,LinkedIn,Engineering,19/11/2025,490250,9,Passed,Passed,Offered,Not Hired
38,Teddi Sheircliffe,Campus Hiring,Data Analytics,15/01/2025,835785,8,Passed,Failed,Not Reached,Not Hired
39,Kimmy Goodrum,Referral,Sales,17/03/2025,393773,4,Passed,Failed,Not Reached,Not Hired
40,Sissie Reeds,Indeed,Engineering,24/03/2025,599369,4,Passed,Failed,Not Reached,Not Hired
41,Valerye Androletti,LinkedIn,Data Analytics,11/2/2025,752220,3,Passed,Failed,Not Reached,Not Hired
42,Kingsly Dimanche,LinkedIn,Engineering,10/4/2025,330216,9,Passed,Failed,Not Reached,Not Hired
43,Huntington Schott,Campus Hiring,HR,7/1/2025,976907,3,Passed,Passed,Rejected,Not Hired
44,Tammara Burgen,Naukri,Marketing,8/3/2025,1036322,10,Passed,Failed,Not Reached,Not Hired
45,Miller Giabuzzi,Campus Hiring,Marketing,7/5/2025,656734,7,Passed,Failed,Not Reached,Not Hired
46,Venus Sheal,Referral,Marketing,6/11/2025,1157265,3,Passed,Passed,Offered,Hired
47,Myrlene McNamee,Naukri,Sales,18/11/2025,756354,3,Failed,Not Reached,Not Reached,Not Hired
48,Benny Northridge,Indeed,HR,12/9/2025,749898,6,Passed,Passed,Rejected,Not Hired
49,Elwood Iacovaccio,Indeed,Marketing,14/01/2025,935927,4,Passed,Failed,Not Reached,Not Hired
50,Saraann Dunge,Referral,Marketing,25/07/2025,881834,9,Passed,Passed,Offered,Not Hired
51,Lyon Vitler,LinkedIn,HR,27/11/2025,584372,1,Failed,Not Reached,Not Reached,Not Hired
52,Nigel Nalder,Naukri,Engineering,26/06/2025,771826,10,Passed,Failed,Not Reached,Not Hired
53,Millicent Ballston,LinkedIn,Sales,9/6/2025,694593,9,Passed,Passed,Rejected,Not Hired
54,Caria Corness,Referral,Engineering,8/3/2025,742327,9,Passed,Failed,Not Reached,Not Hired
55,Amandi MacAdam,Referral,Data Analytics,1/6/2025,348531,0,Failed,Not Reached,Not Reached,Not Hired
56,Clerkclaude De Giorgi,Campus Hiring,Sales,1/9/2025,908692,6,Passed,Passed,Rejected,Not Hired
57,Jasmina Crapper,Referral,Sales,25/05/2025,464366,6,Passed,Passed,Offered,Not Hired
58,Konrad Kaes,Naukri,HR,4/7/2025,1091388,9,Passed,Failed,Not Reached,Not Hired
59,Sanford Winterburn,LinkedIn,Marketing,5/10/2025,1186316,8,Passed,Passed,Offered,Not Hired
60,Bailie Gudeman,Naukri,HR,1/6/2025,1193594,3,Passed,Passed,Offered,Hired
61,Derril Robers,Referral,Sales,26/07/2025,1169486,9,Passed,Failed,Not Reached,Not Hired
62,Audrey Gorton,LinkedIn,Engineering,24/04/2025,479500,5,Passed,Passed,Offered,Not Hired
63,Quinlan Hebblewaite,Indeed,Marketing,2/7/2025,905079,1,Passed,Failed,Not Reached,Not Hired
64,Karia Sidary,Naukri,HR,7/12/2025,411337,10,Passed,Passed,Rejected,Not Hired
65,Coletta Goodwin,Indeed,Data Analytics,4/6/2025,495857,6,Passed,Passed,Rejected,Not Hired
66,Annabell Ellicott,Campus Hiring,Data Analytics,9/10/2025,806095,7,Passed,Failed,Not Reached,Not Hired
67,Aylmar Amis,LinkedIn,Marketing,20/05/2025,449207,4,Failed,Not Reached,Not Reached,Not Hired
68,Sayre Bridel,Referral,Data Analytics,17/10/2025,1064581,9,Passed,Failed,Not Reached,Not Hired
69,Silvain Woolatt,Indeed,Engineering,24/03/2025,1076222,0,Passed,Failed,Not Reached,Not Hired
70,Roxana Meininger,Naukri,HR,17/11/2025,633862,3,Passed,Passed,Rejected,Not Hired
71,Kathi Querrard,Campus Hiring,HR,11/7/2025,372714,3,Failed,Not Reached,Not Reached,Not Hired
72,Hedy Goldsmith,Naukri,Marketing,8/4/2025,449229,0,Failed,Not Reached,Not Reached,Not Hired
73,Colene Greaves,LinkedIn,Data Analytics,2/8/2025,743936,5,Passed,Passed,Rejected,Not Hired
74,Vivi Spriggs,Naukri,Sales,13/03/2025,711396,6,Passed,Failed,Not Reached,Not Hired
75,Carole Sibbe,Referral,HR,16/10/2025,406105,10,Passed,Passed,Rejected,Not Hired
76,Lory MacLaverty,Naukri,Engineering,7/3/2025,654001,8,Passed,Failed,Not Reached,Not Hired
77,Grace Kobisch,Campus Hiring,Engineering,11/2/2025,1129691,3,Failed,Not Reached,Not Reached,Not Hired
78,Minnie Compford,Referral,HR,15/12/2025,557816,6,Passed,Passed,Offered,Hired
79,Sandro Downton,Referral,Data Analytics,25/03/2025,429084,1,Passed,Failed,Not Reached,Not Hired
80,Markos Penwright,LinkedIn,Engineering,14/07/2025,987983,5,Passed,Failed,Not Reached,Not Hired
81,Ronny Beasleigh,Campus Hiring,Engineering,8/11/2025,925626,7,Passed,Failed,Not Reached,Not Hired
82,Christiane Smail,Referral,Data Analytics,26/06/2025,849460,5,Passed,Passed,Rejected,Not Hired
83,Ronalda Randles,Naukri,Sales,23/06/2025,311820,9,Passed,Failed,Not Reached,Not Hired
84,Gearard Seamon,Naukri,HR,25/05/2025,1032584,1,Failed,Not Reached,Not Reached,Not Hired
85,Melania Vidgeon,Campus Hiring,Marketing,1/7/2025,568561,2,Failed,Not Reached,Not Reached,Not Hired
86,Sosanna Eborn,Referral,Data Analytics,19/04/2025,536405,9,Passed,Passed,Offered,Hired
87,Danila Thoresby,LinkedIn,Data Analytics,17/04/2025,519466,1,Passed,Passed,Offered,Hired
88,Annelise MacKeller,Indeed,HR,14/09/2025,451313,5,Passed,Passed,Rejected,Not Hired
89,Rossy Walne,Naukri,Sales,12/3/2025,771512,6,Passed,Passed,Rejected,Not Hired
90,Faustina Pashbee,Campus Hiring,HR,11/8/2025,1081160,2,Passed,Failed,Not Reached,Not Hired
91,Cherise Durston,LinkedIn,Sales,28/03/2025,489425,9,Passed,Passed,Rejected,Not Hired
92,Weider Casford,LinkedIn,Marketing,9/11/2025,884367,5,Passed,Passed,Offered,Not Hired
93,Bernardina Tiesman,LinkedIn,Sales,22/11/2025,982095,5,Passed,Passed,Offered,Not Hired
94,Kerr Pomroy,Referral,Sales,5/7/2025,654956,9,Passed,Passed,Offered,Not Hired
95,Bobinette Nezey,Referral,Sales,26/03/2025,888458,10,Passed,Failed,Not Reached,Not Hired
96,Charyl Indge,Naukri,Engineering,24/05/2025,748783,0,Passed,Passed,Rejected,Not Hired
97,Lula Withrop,Referral,Sales,2/6/2025,705052,3,Passed,Failed,Not Reached,Not Hired
98,Federico Ollivier,Campus Hiring,Data Analytics,24/01/2025,1106692,2,Passed,Failed,Not Reached,Not Hired
99,Danni Lowth,Campus Hiring,HR,6/8/2025,449747,10,Passed,Passed,Offered,Hired
100,Ade Gehricke,Naukri,Sales,25/07/2025,390633,9,Passed,Passed,Rejected,Not Hired
101,Nancey Giraldez,LinkedIn,Data Analytics,12/12/2025,677855,7,Passed,Failed,Not Reached,Not Hired
102,Harrison MacLaverty,LinkedIn,Data Analytics,25/08/2025,863988,10,Passed,Passed,Offered,Not Hired
103,Sadella Bartelet,Referral,Marketing,2/1/2025,818351,8,Passed,Failed,Not Reached,Not Hired
104,Willie Whatson,LinkedIn,Data Analytics,13/02/2025,473872,2,Failed,Not Reached,Not Reached,Not Hired
105,August Dri,Referral,Engineering,17/10/2025,1091439,3,Passed,Passed,Offered,Not Hired
106,Jerome Ghidetti,Indeed,Data Analytics,13/12/2025,397150,2,Passed,Passed,Offered,Hired
107,Judi Finker,Indeed,Marketing,30/01/2025,352297,0,Passed,Passed,Offered,Hired
108,Ashlie Hamner,LinkedIn,Engineering,16/08/2025,586206,4,Failed,Not Reached,Not Reached,Not Hired
109,Urbain Madigan,LinkedIn,Data Analytics,25/02/2025,1023503,5,Passed,Passed,Offered,Hired
110,Chelsie Wonter,Campus Hiring,Data Analytics,30/09/2025,623047,8,Passed,Passed,Offered,Not Hired
111,Cyndi Tarpey,LinkedIn,Marketing,15/08/2025,998205,9,Passed,Passed,Rejected,Not Hired
112,Claudelle Mattes,Naukri,HR,27/09/2025,1142082,5,Passed,Passed,Offered,Not Hired
113,Pierce Bunson,Referral,Sales,29/04/2025,1065789,6,Passed,Passed,Rejected,Not Hired
114,Woodie Mattersey,Naukri,Engineering,26/03/2025,892568,5,Passed,Failed,Not Reached,Not Hired
115,Phyllida McFayden,Naukri,Engineering,16/09/2025,606111,2,Failed,Not Reached,Not Reached,Not Hired
116,Tadeo Stoffel,Indeed,Engineering,16/12/2025,529502,0,Passed,Passed,Offered,Not Hired
117,Jenn Chartres,Referral,Marketing,16/12/2025,524077,8,Passed,Passed,Offered,Not Hired
118,Douglas Allso,Referral,Engineering,3/5/2025,460519,7,Passed,Failed,Not Reached,Not Hired
119,Abbe De-Ville,LinkedIn,Sales,18/07/2025,976537,7,Passed,Passed,Rejected,Not Hired
120,Janeen Conrard,Naukri,Sales,11/11/2025,635072,10,Passed,Failed,Not Reached,Not Hired
121,Joelly How to preserve,LinkedIn,Engineering,1/10/2025,1138878,8,Passed,Passed,Offered,Hired
122,Aloysia Foukx,Indeed,Engineering,26/08/2025,1184083,5,Passed,Failed,Not Reached,Not Hired
123,Quent Dallman,Campus Hiring,Sales,10/7/2025,722784,1,Failed,Not Reached,Not Reached,Not Hired
124,Avie Laurentino,Naukri,Marketing,24/04/2025,904221,3,Failed,Not Reached,Not Reached,Not Hired
125,Nerissa Beswick,LinkedIn,Data Analytics,27/01/2025,896389,5,Passed,Passed,Rejected,Not Hired
126,Tait Bladder,Campus Hiring,Engineering,29/05/2025,769556,8,Passed,Failed,Not Reached,Not Hired
127,Junie Arnfield,Naukri,Marketing,1/4/2025,594736,0,Failed,Not Reached,Not Reached,Not Hired
128,Janina Aleso,Referral,HR,25/02/2025,828218,9,Passed,Passed,Rejected,Not Hired
129,Tan Rotge,Indeed,Marketing,15/07/2025,894605,3,Passed,Passed,Rejected,Not Hired
130,Karim Widd,Indeed,Sales,14/09/2025,547356,2,Passed,Passed,Rejected,Not Hired
131,Dorree Rubega,Indeed,Engineering,10/7/2025,758537,7,Passed,Failed,Not Reached,Not Hired
132,Essa Rillatt,Referral,HR,4/2/2025,615489,7,Passed,Passed,Offered,Hired
133,Mari Bilt,Referral,Engineering,10/5/2025,1070533,10,Passed,Failed,Not Reached,Not Hired
134,Arabella Gorrie,LinkedIn,Data Analytics,16/10/2025,718279,7,Passed,Passed,Offered,Hired
135,Erminie McDougall,Campus Hiring,Sales,19/06/2025,550297,5,Passed,Passed,Offered,Hired
136,Karel Ruggieri,Campus Hiring,Marketing,27/10/2025,851566,2,Passed,Failed,Not Reached,Not Hired
137,Helen Davson,LinkedIn,HR,25/06/2025,696906,2,Passed,Passed,Offered,Hired
138,Andris Bows,Naukri,Engineering,12/6/2025,1188914,6,Passed,Failed,Not Reached,Not Hired
139,Marylou Klaas,Indeed,Data Analytics,28/06/2025,783883,8,Passed,Passed,Offered,Hired
140,Korry Piscopiello,Indeed,Marketing,23/07/2025,1137114,8,Passed,Passed,Rejected,Not Hired
141,Chelsey Coupman,Referral,HR,30/12/2025,1053142,5,Passed,Passed,Offered,Hired
142,Karoly Sooley,Campus Hiring,Data Analytics,27/04/2025,623175,3,Passed,Failed,Not Reached,Not Hired
143,Edan Goane,Naukri,Sales,7/10/2025,462448,6,Passed,Passed,Offered,Not Hired
144,Perrine Sweeny,Indeed,Data Analytics,11/12/2025,658049,0,Failed,Not Reached,Not Reached,Not Hired
145,Horatia Berg,Indeed,Data Analytics,31/03/2025,472435,8,Passed,Passed,Rejected,Not Hired
146,Daryn Whittington,Naukri,Marketing,14/07/2025,1080555,5,Passed,Passed,Rejected,Not Hired
147,Hilliard Slimm,Naukri,Data Analytics,16/08/2025,467721,8,Passed,Failed,Not Reached,Not Hired
148,Ardisj Dyde,LinkedIn,Sales,5/1/2025,971309,9,Passed,Passed,Rejected,Not Hired
149,Frannie Lakenton,LinkedIn,Engineering,9/11/2025,1036059,5,Passed,Passed,Rejected,Not Hired
150,Goldarina Bolstridge,Naukri,HR,6/12/2025,345000,9,Passed,Passed,Rejected,Not Hired
151,Eldon Brougham,Campus Hiring,HR,14/10/2025,1049171,0,Failed,Not Reached,Not Reached,Not Hired
152,Jenna Earsman,Naukri,HR,19/05/2025,493659,1,Failed,Not Reached,Not Reached,Not Hired
153,Lloyd Eburah,LinkedIn,Engineering,6/4/2025,365798,10,Passed,Passed,Offered,Not Hired
154,Humfrey Schaumaker,Indeed,HR,30/04/2025,1185924,4,Passed,Passed,Rejected,Not Hired
155,Klemens Petters,Indeed,Marketing,26/02/2025,443725,4,Failed,Not Reached,Not Reached,Not Hired
156,Olav Popplestone,Naukri,Sales,13/03/2025,360765,10,Passed,Failed,Not Reached,Not Hired
157,Alia Hemphall,Indeed,Marketing,7/12/2025,1167993,1,Passed,Passed,Rejected,Not Hired
158,Arman Crates,LinkedIn,Sales,26/06/2025,797731,4,Passed,Passed,Offered,Hired
159,Husain Pinnington,Naukri,Sales,13/12/2025,715294,0,Failed,Not Reached,Not Reached,Not Hired
160,Ninon Litchmore,Naukri,Sales,6/9/2025,686792,3,Failed,Not Reached,Not Reached,Not Hired
161,Saul Letchford,Referral,HR,15/08/2025,1030703,2,Failed,Not Reached,Not Reached,Not Hired
162,Nettle Corr,Referral,Data Analytics,16/05/2025,926893,9,Passed,Passed,Rejected,Not Hired
163,Fernandina Wakes,Naukri,Sales,13/05/2025,528734,9,Passed,Passed,Offered,Hired
164,Pris Wooff,Referral,Sales,5/7/2025,905554,2,Failed,Not Reached,Not Reached,Not Hired
165,Franchot Winpenny,Indeed,Engineering,14/10/2025,809130,5,Passed,Failed,Not Reached,Not Hired
166,Stephine Glading,LinkedIn,Engineering,4/8/2025,326157,3,Failed,Not Reached,Not Reached,Not Hired
167,Stephan MacAdam,Campus Hiring,HR,28/01/2025,1143541,5,Passed,Failed,Not Reached,Not Hired
168,Ileana Aronstein,Campus Hiring,HR,28/05/2025,382084,8,Passed,Failed,Not Reached,Not Hired
169,Ariana Redford,Campus Hiring,HR,3/11/2025,996532,9,Passed,Failed,Not Reached,Not Hired
170,Michele Groomebridge,Indeed,HR,24/01/2025,787429,3,Passed,Passed,Offered,Not Hired
171,Waly Eykelbosch,Indeed,Marketing,3/10/2025,714314,8,Passed,Passed,Offered,Hired
172,Tandie Dowbekin,Naukri,Engineering,22/02/2025,476636,5,Passed,Passed,Rejected,Not Hired
173,Maurizia Kearford,Naukri,HR,5/8/2025,506780,3,Failed,Not Reached,Not Reached,Not Hired
174,Florinda Levay,Campus Hiring,HR,4/4/2025,1121519,3,Passed,Failed,Not Reached,Not Hired
175,Kendre Fernandes,Campus Hiring,HR,17/07/2025,727980,1,Passed,Failed,Not Reached,Not Hired
176,Leia Swigg,Campus Hiring,Marketing,18/07/2025,625710,5,Passed,Passed,Offered,Hired
177,Valentijn Dunlop,Campus Hiring,Data Analytics,28/03/2025,986432,7,Passed,Failed,Not Reached,Not Hired
178,Aguie Riddles,LinkedIn,Marketing,20/04/2025,948818,0,Passed,Failed,Not Reached,Not Hired
179,Donall MacCarrane,LinkedIn,Data Analytics,24/12/2025,1009667,10,Passed,Failed,Not Reached,Not Hired
180,Dennet Arnson,Campus Hiring,Marketing,25/08/2025,636219,6,Passed,Failed,Not Reached,Not Hired
181,Mirelle Roderham,Referral,Engineering,28/04/2025,794019,7,Passed,Passed,Rejected,Not Hired
182,Abigail Aindrais,Referral,Marketing,3/6/2025,755373,0,Failed,Not Reached,Not Reached,Not Hired
183,Druci Ellor,Campus Hiring,Engineering,11/12/2025,620814,9,Passed,Passed,Offered,Hired
184,Sidney Westerman,Campus Hiring,Marketing,1/6/2025,1045506,9,Passed,Failed,Not Reached,Not Hired
185,Elbertina Smallcomb,Indeed,HR,31/08/2025,384653,2,Failed,Not Reached,Not Reached,Not Hired
186,Giovanni Lob,Referral,Marketing,1/6/2025,718442,10,Passed,Failed,Not Reached,Not Hired
187,Amandy Trevett,Campus Hiring,Marketing,30/01/2025,559194,10,Passed,Passed,Offered,Hired
188,Ariela Pley,Referral,Data Analytics,9/5/2025,564810,0,Passed,Failed,Not Reached,Not Hired
189,Vittoria Ellicombe,Referral,Engineering,5/1/2025,1183510,6,Passed,Passed,Offered,Hired
190,Issiah Peedell,Naukri,HR,2/8/2025,841219,4,Passed,Passed,Offered,Hired
191,Coriss Penbarthy,Naukri,Data Analytics,11/5/2025,329138,7,Passed,Passed,Rejected,Not Hired
192,Di Strathern,Referral,Engineering,1/7/2025,831430,7,Passed,Failed,Not Reached,Not Hired
193,Patten Chapelle,LinkedIn,Engineering,29/08/2025,502976,9,Passed,Passed,Rejected,Not Hired
194,Hartwell Hellens,LinkedIn,Engineering,1/2/2025,633226,0,Passed,Failed,Not Reached,Not Hired
195,Randie Theobalds,Naukri,HR,20/12/2025,532484,1,Passed,Passed,Rejected,Not Hired
196,Brandyn Lough,Campus Hiring,HR,14/04/2025,636952,4,Passed,Failed,Not Reached,Not Hired
197,Henrietta Jurczyk,Naukri,Data Analytics,18/12/2025,879963,9,Passed,Failed,Not Reached,Not Hired
198,Rosy Origin,Naukri,Engineering,11/3/2025,636364,8,Passed,Failed,Not Reached,Not Hired
199,Iago Anderl,Naukri,Data Analytics,9/12/2025,518840,5,Passed,Failed,Not Reached,Not Hired
200,Woodrow Warrell,LinkedIn,HR,20/07/2025,439295,4,Passed,Passed,Rejected,Not Hired
201,Archibaldo Minico,LinkedIn,Data Analytics,17/01/2025,1144838,9,Passed,Passed,Rejected,Not Hired
202,Dionisio Harm,Referral,Engineering,13/07/2025,916786,3,Passed,Failed,Not Reached,Not Hired
203,Ammamaria Girardeau,Referral,Data Analytics,20/09/2025,1154421,6,Passed,Passed,Rejected,Not Hired
204,Sayers Goadbie,Referral,Engineering,28/07/2025,789832,1,Failed,Not Reached,Not Reached,Not Hired
205,Binni Dubique,Referral,HR,11/7/2025,507020,5,Passed,Passed,Rejected,Not Hired
206,Marylynne Du Plantier,Indeed,Data Analytics,20/11/2025,578369,1,Failed,Not Reached,Not Reached,Not Hired
207,Celene Bourthoumieux,Referral,Sales,29/06/2025,1083156,3,Failed,Not Reached,Not Reached,Not Hired
208,Isidoro Swetland,Referral,HR,25/04/2025,1005541,9,Passed,Failed,Not Reached,Not Hired
209,Karmen Balston,Indeed,Marketing,3/3/2025,323058,9,Passed,Failed,Not Reached,Not Hired
210,Abra Jerche,Naukri,Engineering,29/03/2025,493270,7,Passed,Passed,Rejected,Not Hired
211,Guenevere Lys,Campus Hiring,Engineering,1/4/2025,600397,9,Passed,Passed,Rejected,Not Hired
212,Erena Kiefer,Referral,HR,27/07/2025,1110046,2,Passed,Passed,Rejected,Not Hired
213,Ricca Mollett,LinkedIn,HR,2/10/2025,971802,1,Failed,Not Reached,Not Reached,Not Hired
214,Mervin Eisikovitsh,Indeed,Engineering,27/01/2025,577455,4,Passed,Passed,Rejected,Not Hired
215,Giacobo Colby,Campus Hiring,Data Analytics,9/1/2025,1143272,3,Passed,Passed,Offered,Hired
216,Hortense Christon,LinkedIn,Marketing,29/11/2025,1099048,10,Passed,Passed,Offered,Hired
217,Heddie Badsey,Naukri,HR,20/08/2025,942553,3,Passed,Passed,Rejected,Not Hired
218,Vance Fontaine,Naukri,Data Analytics,13/02/2025,353241,6,Passed,Failed,Not Reached,Not Hired
219,Ted Killiam,Referral,Sales,20/08/2025,898773,1,Passed,Passed,Offered,Hired
220,Judith Vasyutichev,Referral,Engineering,27/01/2025,820819,9,Passed,Failed,Not Reached,Not Hired
221,Ellene Hebborne,Naukri,HR,28/06/2025,1179106,4,Failed,Not Reached,Not Reached,Not Hired
222,Letty Sinclar,Campus Hiring,Data Analytics,27/05/2025,859308,1,Failed,Not Reached,Not Reached,Not Hired
223,Jonas Overnell,LinkedIn,Marketing,8/10/2025,890121,4,Failed,Not Reached,Not Reached,Not Hired
224,Joletta Carff,Naukri,HR,9/10/2025,680830,5,Passed,Passed,Offered,Hired
225,Ellette Rounds,Indeed,Data Analytics,5/1/2025,1029061,4,Passed,Passed,Offered,Not Hired
226,Nelie Jeyes,LinkedIn,HR,18/01/2025,777090,0,Failed,Not Reached,Not Reached,Not Hired
227,Alfi Bage,LinkedIn,Sales,25/11/2025,1171698,1,Passed,Passed,Offered,Hired
228,Barny Pownall,Campus Hiring,Sales,26/08/2025,573335,3,Failed,Not Reached,Not Reached,Not Hired
229,Flemming Cawkwell,Campus Hiring,Data Analytics,7/5/2025,909883,9,Passed,Failed,Not Reached,Not Hired
230,Beckie Ruselin,Campus Hiring,HR,3/7/2025,671457,9,Passed,Passed,Rejected,Not Hired
231,Blinni Bodleigh,Campus Hiring,Engineering,27/05/2025,743360,3,Failed,Not Reached,Not Reached,Not Hired
232,Nola Domoni,Referral,Engineering,3/9/2025,635080,6,Passed,Passed,Offered,Hired
233,Jacynth Vidgeon,Campus Hiring,HR,18/11/2025,340119,10,Passed,Passed,Offered,Hired
234,Hyacintha Hancell,LinkedIn,Engineering,1/2/2025,874102,1,Passed,Failed,Not Reached,Not Hired
235,Desirae Canton,Naukri,Engineering,12/8/2025,360900,10,Passed,Passed,Offered,Hired
236,Moyna Shapero,Campus Hiring,Marketing,17/01/2025,719857,7,Passed,Passed,Rejected,Not Hired
237,Aurora Matiewe,Campus Hiring,HR,8/9/2025,386338,7,Passed,Passed,Offered,Hired
238,Elset Truin,Referral,Marketing,2/4/2025,842369,2,Failed,Not Reached,Not Reached,Not Hired
239,Margalit Munning,Referral,HR,10/4/2025,897847,10,Passed,Failed,Not Reached,Not Hired
240,Gates Capponer,Campus Hiring,HR,29/01/2025,693775,1,Failed,Not Reached,Not Reached,Not Hired
241,Danette Pepye,Naukri,Sales,3/7/2025,832780,5,Passed,Failed,Not Reached,Not Hired
242,Aleen Bulcock,Indeed,HR,20/01/2025,638869,5,Passed,Passed,Rejected,Not Hired
243,Natassia Eastop,Naukri,Engineering,9/11/2025,535561,0,Failed,Not Reached,Not Reached,Not Hired
244,Kane Bagger,Naukri,Engineering,21/02/2025,1016739,4,Passed,Passed,Rejected,Not Hired
245,Damiano Chaim,LinkedIn,Sales,8/2/2025,468279,9,Passed,Failed,Not Reached,Not Hired
246,Maisey Macek,Naukri,HR,7/7/2025,466138,8,Passed,Failed,Not Reached,Not Hired
247,Juan McLewd,Indeed,HR,17/03/2025,583130,7,Passed,Passed,Rejected,Not Hired
248,Shane Miquelet,Indeed,Engineering,20/03/2025,520425,1,Passed,Passed,Rejected,Not Hired
249,Zacharia Rickets,Referral,Marketing,22/12/2025,765132,9,Passed,Failed,Not Reached,Not Hired
250,Shelia Stearne,Referral,Marketing,7/10/2025,786098,9,Passed,Passed,Rejected,Not Hired
251,Meris Strutley,Indeed,Sales,15/01/2025,1017515,7,Passed,Passed,Offered,Hired
252,Brennan Welbelove,Naukri,Sales,13/02/2025,686809,8,Passed,Passed,Offered,Hired
253,Shawn Poynzer,Indeed,Engineering,12/2/2025,439068,5,Passed,Passed,Offered,Hired
254,Clemence Coning,LinkedIn,HR,17/07/2025,1093137,1,Passed,Passed,Offered,Not Hired
255,Shelden Acomb,Naukri,Data Analytics,1/1/2025,1077992,3,Failed,Not Reached,Not Reached,Not Hired
256,Ben Waddicor,Campus Hiring,HR,30/06/2025,854030,1,Passed,Passed,Rejected,Not Hired
257,Prentiss Elecum,Referral,HR,28/07/2025,751648,4,Failed,Not Reached,Not Reached,Not Hired
258,Frasco Baert,Campus Hiring,HR,15/09/2025,327710,7,Passed,Failed,Not Reached,Not Hired
259,Minda Gresswood,Indeed,Sales,27/08/2025,1050238,8,Passed,Failed,Not Reached,Not Hired
260,Urbain Imlen,Indeed,HR,29/04/2025,977298,3,Failed,Not Reached,Not Reached,Not Hired
261,Esteban Goodswen,Campus Hiring,Data Analytics,21/05/2025,1160503,3,Failed,Not Reached,Not Reached,Not Hired
262,Eddie McLay,LinkedIn,Marketing,2/11/2025,874114,2,Passed,Passed,Rejected,Not Hired
263,Rahel Gamlin,Indeed,Data Analytics,15/07/2025,475763,9,Passed,Failed,Not Reached,Not Hired
264,Gavra Londors,LinkedIn,Marketing,28/08/2025,753291,4,Failed,Not Reached,Not Reached,Not Hired
265,Rustie D'Ambrosi,Referral,Sales,6/2/2025,584570,3,Failed,Not Reached,Not Reached,Not Hired
266,Emile Havard,Campus Hiring,Engineering,9/8/2025,587682,9,Passed,Failed,Not Reached,Not Hired
267,Kassey Brittan,Referral,Marketing,31/10/2025,1134106,5,Passed,Passed,Offered,Hired
268,Ethelred Poplee,LinkedIn,Data Analytics,22/12/2025,941527,8,Passed,Failed,Not Reached,Not Hired
269,Leann Brignall,Campus Hiring,HR,1/5/2025,678416,4,Failed,Not Reached,Not Reached,Not Hired
270,Levy Garrison,Naukri,Marketing,28/11/2025,929759,4,Failed,Not Reached,Not Reached,Not Hired
271,Gertrud Skippings,Referral,Sales,18/11/2025,794770,6,Passed,Passed,Rejected,Not Hired
272,Athena Domelow,LinkedIn,HR,21/11/2025,1064839,9,Passed,Failed,Not Reached,Not Hired
273,Abigale Panter,Naukri,Data Analytics,24/06/2025,628026,9,Passed,Failed,Not Reached,Not Hired
274,Inga Mattam,Indeed,Engineering,6/8/2025,380882,4,Failed,Not Reached,Not Reached,Not Hired
275,Edyth Aburrow,Referral,Data Analytics,24/01/2025,1143137,10,Passed,Passed,Rejected,Not Hired
276,Kariotta Oakman,Referral,Engineering,27/06/2025,493347,10,Passed,Passed,Offered,Not Hired
277,Eugen Goly,Naukri,Marketing,14/12/2025,727152,6,Passed,Failed,Not Reached,Not Hired
278,Woody Rippon,Referral,HR,23/09/2025,367320,3,Passed,Passed,Rejected,Not Hired
279,Hank Acomb,LinkedIn,Engineering,23/06/2025,1193759,4,Passed,Passed,Rejected,Not Hired
280,Jeannine Brogi,Indeed,Engineering,23/01/2025,990453,8,Passed,Passed,Rejected,Not Hired
281,Salmon Hutsby,Indeed,Marketing,16/04/2025,551838,1,Passed,Passed,Offered,Hired
282,Chrysler Favel,Referral,Marketing,26/12/2025,1030245,6,Passed,Failed,Not Reached,Not Hired
283,Ram Brocklehurst,Indeed,Marketing,22/05/2025,1190061,5,Passed,Passed,Offered,Hired
284,Krystalle Grinyov,Naukri,HR,30/07/2025,620543,8,Passed,Passed,Offered,Hired
285,Lanny Pickerill,Campus Hiring,Data Analytics,5/5/2025,676752,9,Passed,Passed,Offered,Hired
286,Griffith Schultz,Campus Hiring,HR,15/07/2025,774956,5,Passed,Failed,Not Reached,Not Hired
287,Megen McCaighey,Referral,Marketing,3/7/2025,424282,9,Passed,Failed,Not Reached,Not Hired
288,Joly Godbald,Indeed,Sales,9/5/2025,1001659,5,Passed,Passed,Rejected,Not Hired
289,Damon MacAllan,Naukri,Sales,13/07/2025,389036,8,Passed,Passed,Rejected,Not Hired
290,Francisco Stradling,Campus Hiring,HR,18/04/2025,778877,10,Passed,Failed,Not Reached,Not Hired
291,Clayborne Chaize,Indeed,Engineering,8/8/2025,1114417,6,Passed,Passed,Offered,Hired
292,Elliott Jojic,Referral,Marketing,6/7/2025,1079862,4,Failed,Not Reached,Not Reached,Not Hired
293,Penelope Pettersen,Referral,Sales,13/09/2025,434162,6,Passed,Passed,Offered,Hired
294,Bryna Milkins,Referral,Data Analytics,1/2/2025,442336,6,Passed,Passed,Rejected,Not Hired
295,Cara Spottswood,Campus Hiring,Sales,25/07/2025,635748,7,Passed,Passed,Offered,Hired
296,Chandler Cribbin,LinkedIn,HR,11/11/2025,567905,7,Passed,Failed,Not Reached,Not Hired
297,Lira Lechmere,Campus Hiring,Marketing,9/3/2025,564699,5,Passed,Passed,Rejected,Not Hired
298,Mikkel Squelch,Referral,Data Analytics,3/5/2025,653672,2,Failed,Not Reached,Not Reached,Not Hired
299,Astra Graham,Campus Hiring,Sales,26/02/2025,756442,8,Passed,Passed,Offered,Not Hired
300,Vivienne Borgars,Naukri,Data Analytics,19/05/2025,1168259,10,Passed,Passed,Rejected,Not Hired
301,Federico Sturman,Referral,Marketing,17/04/2025,969732,3,Passed,Passed,Offered,Hired
302,Miof mela Poley,Indeed,Engineering,17/01/2025,741179,5,Passed,Failed,Not Reached,Not Hired
303,Charil Klimpt,Naukri,Engineering,31/08/2025,367224,10,Passed,Passed,Rejected,Not Hired
304,Richardo Hosier,Referral,HR,5/9/2025,495426,7,Passed,Failed,Not Reached,Not Hired
305,York Baldcock,Campus Hiring,Marketing,3/5/2025,367362,10,Passed,Passed,Offered,Hired
306,Marget Laxston,Referral,Sales,20/05/2025,1194064,6,Passed,Failed,Not Reached,Not Hired
307,Gabi Hawkes,Campus Hiring,Marketing,7/6/2025,739034,1,Passed,Failed,Not Reached,Not Hired
308,Ludwig Spread,Indeed,Engineering,12/2/2025,348127,3,Passed,Passed,Offered,Hired
309,Meade Grabham,Indeed,HR,7/11/2025,908373,7,Passed,Failed,Not Reached,Not Hired
310,Charlene Tollow,Campus Hiring,Data Analytics,10/9/2025,316656,8,Passed,Passed,Rejected,Not Hired
311,Godart Riddell,Indeed,HR,21/11/2025,577059,9,Passed,Failed,Not Reached,Not Hired
312,Donnell Arnholdt,Campus Hiring,Marketing,11/7/2025,439505,0,Failed,Not Reached,Not Reached,Not Hired
313,Gun Hancke,Indeed,Engineering,6/12/2025,1051990,8,Passed,Failed,Not Reached,Not Hired
314,Shannan Beentjes,Referral,Sales,19/01/2025,1075601,6,Passed,Passed,Rejected,Not Hired
315,Sunshine De Malchar,Campus Hiring,Sales,4/9/2025,865761,3,Passed,Passed,Offered,Hired
316,Ellerey Dymidowicz,Naukri,Engineering,9/1/2025,832333,10,Passed,Failed,Not Reached,Not Hired
317,Tannie Hearn,Referral,Engineering,2/5/2025,352323,0,Passed,Passed,Offered,Hired
318,Bertrand Bust,LinkedIn,Marketing,30/06/2025,1168938,4,Failed,Not Reached,Not Reached,Not Hired
319,Neel Bugdell,LinkedIn,Marketing,16/05/2025,942647,2,Passed,Passed,Offered,Hired
320,Donovan McRitchie,Referral,Data Analytics,12/4/2025,952669,1,Failed,Not Reached,Not Reached,Not Hired
321,Francesca Couzens,Campus Hiring,HR,26/07/2025,499287,8,Passed,Failed,Not Reached,Not Hired
322,Matias Hartigan,Campus Hiring,HR,25/04/2025,532928,5,Passed,Failed,Not Reached,Not Hired
323,Hal Lacey,LinkedIn,Marketing,17/08/2025,586938,5,Passed,Passed,Offered,Not Hired
324,Corrie O'Callaghan,Campus Hiring,Engineering,8/4/2025,1133627,2,Passed,Passed,Offered,Hired
325,Tallie Winscom,Referral,HR,19/01/2025,1008314,9,Passed,Passed,Offered,Not Hired
326,Kippie Kiernan,Campus Hiring,Marketing,10/8/2025,400692,10,Passed,Failed,Not Reached,Not Hired
327,Moore Breeton,Referral,Engineering,11/8/2025,813053,7,Passed,Passed,Offered,Hired
328,Elmira Whyborne,Indeed,HR,23/08/2025,628746,6,Passed,Failed,Not Reached,Not Hired
329,Suzann Videneev,Referral,Data Analytics,26/11/2025,764932,5,Passed,Passed,Offered,Hired
330,Janetta Mazella,Referral,Engineering,5/3/2025,1096021,1,Failed,Not Reached,Not Reached,Not Hired
331,Corty Christofol,Naukri,HR,20/06/2025,998595,6,Passed,Failed,Not Reached,Not Hired
332,Haleigh McCloy,Campus Hiring,Data Analytics,3/10/2025,1088299,5,Passed,Passed,Offered,Hired
333,Ezra Strange,Campus Hiring,Marketing,19/02/2025,315250,0,Failed,Not Reached,Not Reached,Not Hired
334,Danya Scholig,LinkedIn,HR,26/10/2025,448914,2,Failed,Not Reached,Not Reached,Not Hired
335,Halimeda McLae,Campus Hiring,Sales,16/07/2025,608576,7,Passed,Passed,Rejected,Not Hired
336,Nadya Aberchirder,Naukri,HR,29/12/2025,1108224,1,Passed,Passed,Rejected,Not Hired
337,Lebbie Knobell,Indeed,HR,28/05/2025,669614,5,Passed,Failed,Not Reached,Not Hired
338,Estrellita Mizzi,LinkedIn,HR,11/4/2025,443461,4,Passed,Passed,Offered,Hired
339,Correy Roston,Naukri,Engineering,1/4/2025,1148643,7,Passed,Failed,Not Reached,Not Hired
340,Karissa Forsaith,Indeed,HR,18/04/2025,1190900,7,Passed,Passed,Offered,Hired
341,Harlen Denver,Referral,Sales,5/10/2025,410746,1,Passed,Passed,Rejected,Not Hired
342,Yale MacCaughan,Naukri,Sales,18/06/2025,387507,7,Passed,Failed,Not Reached,Not Hired
343,Ikey Vail,Referral,Marketing,7/11/2025,680682,1,Passed,Passed,Offered,Hired
344,Vinni Boobier,Referral,Marketing,28/05/2025,741353,8,Passed,Failed,Not Reached,Not Hired
345,Karyl Yerrington,Campus Hiring,Marketing,7/8/2025,866551,6,Passed,Passed,Rejected,Not Hired
346,Greggory Leahair,Campus Hiring,Engineering,26/02/2025,1114262,2,Passed,Failed,Not Reached,Not Hired
347,Yul Ryde,Indeed,Data Analytics,10/4/2025,1160664,5,Passed,Passed,Rejected,Not Hired
348,Terra Syers,Indeed,Engineering,19/08/2025,721877,7,Passed,Passed,Rejected,Not Hired
349,Darbie Beteriss,Campus Hiring,Sales,12/11/2025,508976,4,Passed,Passed,Rejected,Not Hired
350,Zaria Buckett,Naukri,Sales,9/8/2025,534271,6,Passed,Failed,Not Reached,Not Hired
351,Meara Cancellieri,LinkedIn,Marketing,8/10/2025,532907,7,Passed,Failed,Not Reached,Not Hired
352,Redford Blakeslee,Referral,Sales,23/04/2025,898728,5,Passed,Failed,Not Reached,Not Hired
353,Earle Di Lucia,Campus Hiring,Data Analytics,25/03/2025,1057934,6,Passed,Passed,Rejected,Not Hired
354,Hoebart Berks,Campus Hiring,HR,16/09/2025,1182174,10,Passed,Passed,Offered,Hired
355,Dom Banker,Campus Hiring,HR,19/07/2025,323542,5,Passed,Passed,Offered,Hired
356,Otto Demchen,Indeed,Sales,22/06/2025,536008,10,Passed,Failed,Not Reached,Not Hired
357,Rivi Shermore,Naukri,Data Analytics,5/5/2025,1197272,3,Passed,Passed,Rejected,Not Hired
358,Ortensia Drysdale,Indeed,Marketing,24/08/2025,307264,1,Passed,Passed,Rejected,Not Hired
359,Olenolin Ovid,Campus Hiring,Sales,5/7/2025,491178,6,Passed,Passed,Rejected,Not Hired
360,Jareb Tofpik,Indeed,Engineering,15/02/2025,511331,8,Passed,Failed,Not Reached,Not Hired
361,Jeanine Benjamin,Referral,Engineering,23/12/2025,429007,1,Passed,Failed,Not Reached,Not Hired
362,Janella Gauge,Indeed,Sales,5/7/2025,885408,5,Passed,Failed,Not Reached,Not Hired
363,Merola Oty,Naukri,HR,3/1/2025,345312,4,Passed,Failed,Not Reached,Not Hired
364,Olwen Boom,Naukri,Sales,14/10/2025,565729,5,Passed,Passed,Offered,Hired
365,Liesa Fricker,Indeed,Sales,17/07/2025,984714,10,Passed,Passed,Offered,Hired
366,Hester Volante,Indeed,Data Analytics,16/10/2025,825377,9,Passed,Passed,Offered,Hired
367,Darleen Batham,Referral,Engineering,16/04/2025,939862,1,Passed,Failed,Not Reached,Not Hired
368,Land Naptin,Campus Hiring,Marketing,13/10/2025,369576,8,Passed,Passed,Offered,Hired
369,Jose Riggott,Referral,Sales,21/02/2025,592519,5,Passed,Failed,Not Reached,Not Hired
370,Caryl Collison,Campus Hiring,Sales,31/10/2025,1043119,9,Passed,Passed,Rejected,Not Hired
371,Elton Mansion,Referral,Sales,3/7/2025,1111913,3,Failed,Not Reached,Not Reached,Not Hired
372,Dar Jakobssen,Indeed,Marketing,26/03/2025,713178,6,Passed,Passed,Rejected,Not Hired
373,Brietta Dragge,Indeed,Sales,18/01/2025,476390,6,Passed,Passed,Offered,Hired
374,Netti Norkett,Referral,Marketing,12/7/2025,999543,5,Passed,Passed,Rejected,Not Hired
375,Reggi Lardeux,Indeed,Engineering,21/03/2025,439566,1,Passed,Failed,Not Reached,Not Hired
376,Alyss Frigout,Indeed,Data Analytics,6/8/2025,1055427,10,Passed,Passed,Rejected,Not Hired
377,Jenelle Minichillo,LinkedIn,Marketing,15/12/2025,656474,6,Passed,Passed,Offered,Hired
378,Lucine Blowick,Indeed,HR,1/10/2025,703016,2,Failed,Not Reached,Not Reached,Not Hired
379,Averyl Pollie,Indeed,Engineering,1/2/2025,760682,10,Passed,Passed,Offered,Not Hired
380,Roley Borrett,Naukri,Data Analytics,9/10/2025,591446,4,Failed,Not Reached,Not Reached,Not Hired
381,Nicolas Sowersby,Naukri,Engineering,18/11/2025,1168932,5,Passed,Passed,Rejected,Not Hired
382,Cecil Clibbery,Indeed,Marketing,9/5/2025,749177,1,Passed,Passed,Offered,Not Hired
383,Karia Chamberlen,Indeed,Marketing,19/10/2025,822803,4,Passed,Failed,Not Reached,Not Hired
384,Harriot David,LinkedIn,Marketing,30/07/2025,399341,0,Passed,Failed,Not Reached,Not Hired
385,Katey Stearley,Naukri,Engineering,7/3/2025,1114345,3,Failed,Not Reached,Not Reached,Not Hired
386,Veradis Landes,Naukri,Engineering,27/12/2025,418191,7,Passed,Failed,Not Reached,Not Hired
387,Reilly Follis,Indeed,Engineering,20/06/2025,776084,3,Failed,Not Reached,Not Reached,Not Hired
388,Alain Neeves,Naukri,Marketing,23/07/2025,674807,8,Passed,Passed,Offered,Hired
389,Linnie Gylle,Referral,Marketing,15/03/2025,676087,8,Passed,Passed,Offered,Not Hired
390,Vivienne Sibbs,Referral,Engineering,23/07/2025,780615,5,Passed,Failed,Not Reached,Not Hired
391,Fanechka Huddles,LinkedIn,Marketing,16/09/2025,872330,9,Passed,Failed,Not Reached,Not Hired
392,Frances McReedy,Indeed,Engineering,24/10/2025,620914,6,Passed,Failed,Not Reached,Not Hired
393,Wynn Maystone,LinkedIn,Marketing,16/09/2025,911216,3,Passed,Passed,Offered,Hired
394,Lorens Dalyell,Campus Hiring,HR,29/05/2025,579008,10,Passed,Passed,Offered,Not Hired
395,Ivie Harkins,Indeed,HR,21/10/2025,405918,2,Failed,Not Reached,Not Reached,Not Hired
396,Oneida Cheine,Indeed,Data Analytics,26/02/2025,950715,4,Failed,Not Reached,Not Reached,Not Hired
397,Marc McAuslan,LinkedIn,Data Analytics,2/8/2025,360722,6,Passed,Passed,Rejected,Not Hired
398,Lilli Whitnell,Indeed,Data Analytics,11/1/2025,497260,2,Passed,Passed,Offered,Hired
399,Phillipe Emerton,Naukri,Sales,9/5/2025,302591,5,Passed,Passed,Rejected,Not Hired
400,Brandice Lysaght,Referral,Engineering,7/11/2025,1136577,7,Passed,Passed,Rejected,Not Hired
401,Heinrik Sowter,Indeed,Data Analytics,17/08/2025,913857,10,Passed,Passed,Rejected,Not Hired
402,Verina Kohler,Campus Hiring,Sales,18/02/2025,1183312,4,Failed,Not Reached,Not Reached,Not Hired
403,Jolee Moffat,Campus Hiring,Marketing,15/10/2025,444822,5,Passed,Passed,Rejected,Not Hired
404,Iver Cuddehy,LinkedIn,Marketing,10/10/2025,847248,6,Passed,Passed,Rejected,Not Hired
405,Dede Pole,LinkedIn,Marketing,23/09/2025,710962,4,Failed,Not Reached,Not Reached,Not Hired
406,Guendolen Cuzen,Referral,Data Analytics,23/12/2025,878587,9,Passed,Failed,Not Reached,Not Hired
407,Kellina Flintoff,LinkedIn,HR,31/05/2025,358564,3,Failed,Not Reached,Not Reached,Not Hired
408,Jolene Ramos,LinkedIn,Sales,19/08/2025,1146836,0,Passed,Passed,Rejected,Not Hired
409,Bendite Horwell,Referral,Engineering,14/01/2025,997591,6,Passed,Passed,Rejected,Not Hired
410,Orv Mayow,Indeed,HR,10/3/2025,754285,8,Passed,Passed,Rejected,Not Hired
411,Donnamarie Reightley,Indeed,Engineering,24/02/2025,732650,6,Passed,Failed,Not Reached,Not Hired
412,Gal Willerson,Campus Hiring,Marketing,21/06/2025,719440,1,Failed,Not Reached,Not Reached,Not Hired
413,Dode Jaine,LinkedIn,HR,20/04/2025,372541,6,Passed,Passed,Rejected,Not Hired
414,Shepperd Nuemann,Indeed,Data Analytics,23/01/2025,1155862,5,Passed,Failed,Not Reached,Not Hired
415,Dilan Morrell,Indeed,Sales,5/1/2025,504456,5,Passed,Passed,Rejected,Not Hired
416,Denney Nurcombe,Indeed,Data Analytics,4/6/2025,1166587,6,Passed,Failed,Not Reached,Not Hired
417,Kermit Amsden,LinkedIn,Sales,2/10/2025,302787,7,Passed,Passed,Rejected,Not Hired
418,Arabelle Brignall,Indeed,Marketing,23/08/2025,659449,7,Passed,Passed,Offered,Not Hired
419,Cynthie Aird,Naukri,Marketing,29/08/2025,611090,0,Failed,Not Reached,Not Reached,Not Hired
420,Quincey Callacher,Indeed,Engineering,18/09/2025,645142,3,Failed,Not Reached,Not Reached,Not Hired
421,Mandie Gartery,LinkedIn,Marketing,17/08/2025,746924,3,Passed,Passed,Offered,Hired
422,Trude Coaten,Indeed,Sales,12/9/2025,1057880,4,Failed,Not Reached,Not Reached,Not Hired
423,Lolita Pomroy,Referral,Sales,27/09/2025,1111363,4,Failed,Not Reached,Not Reached,Not Hired
424,Shaughn De Banke,Referral,Data Analytics,25/07/2025,418224,10,Passed,Passed,Rejected,Not Hired
425,Gaston Boldecke,LinkedIn,Data Analytics,9/9/2025,575042,1,Passed,Passed,Rejected,Not Hired
426,Cathy Garard,Campus Hiring,Marketing,27/04/2025,665437,2,Failed,Not Reached,Not Reached,Not Hired
427,Lenore Wrey,Naukri,HR,15/02/2025,631994,1,Passed,Failed,Not Reached,Not Hired
428,Jess Ashard,LinkedIn,HR,22/06/2025,831472,0,Passed,Failed,Not Reached,Not Hired
429,Correna Court,Indeed,HR,25/04/2025,479074,2,Failed,Not Reached,Not Reached,Not Hired
430,Curr Ubsdall,Referral,Engineering,9/2/2025,513978,6,Passed,Passed,Rejected,Not Hired
431,Gabby Heinsius,Campus Hiring,HR,21/01/2025,600200,4,Passed,Passed,Offered,Hired
432,Roxi Beddin,Referral,HR,15/08/2025,368298,9,Passed,Passed,Rejected,Not Hired
433,Corrina Guisot,LinkedIn,Marketing,9/9/2025,431951,10,Passed,Failed,Not Reached,Not Hired
434,Mahala Bertrand,Referral,HR,16/03/2025,601874,5,Passed,Failed,Not Reached,Not Hired
435,Faunie Ballantine,LinkedIn,Engineering,26/09/2025,527476,10,Passed,Passed,Offered,Hired
436,Elmer Smalman,LinkedIn,Data Analytics,16/04/2025,518595,7,Passed,Failed,Not Reached,Not Hired
437,Sigmund Sabey,Campus Hiring,Marketing,22/07/2025,990661,6,Passed,Passed,Rejected,Not Hired
438,Forest Jacop,Indeed,Marketing,3/9/2025,1038295,3,Failed,Not Reached,Not Reached,Not Hired
439,Early Willas,Indeed,Sales,19/01/2025,960226,9,Passed,Failed,Not Reached,Not Hired
440,Shirline Oakenfield,Indeed,Data Analytics,7/9/2025,1043240,0,Passed,Failed,Not Reached,Not Hired
441,Silas Yeo,Naukri,Data Analytics,1/7/2025,598326,2,Passed,Passed,Offered,Not Hired
442,Lyndsie Pollastro,Campus Hiring,Marketing,3/8/2025,825420,6,Passed,Passed,Rejected,Not Hired
443,Armin Danes,Indeed,Data Analytics,9/8/2025,600265,1,Passed,Failed,Not Reached,Not Hired
444,Isiahi Milnthorpe,Indeed,Marketing,17/02/2025,492547,4,Failed,Not Reached,Not Reached,Not Hired
445,Jolene Wortley,Indeed,Data Analytics,9/7/2025,1016339,1,Passed,Failed,Not Reached,Not Hired
446,Jessalyn Rochford,Indeed,Engineering,27/12/2025,308363,5,Passed,Failed,Not Reached,Not Hired
447,Jane Purchase,Referral,Marketing,3/5/2025,1075041,0,Failed,Not Reached,Not Reached,Not Hired
448,Malena Tinston,Naukri,HR,26/10/2025,635747,10,Passed,Passed,Rejected,Not Hired
449,Devon McKechnie,Indeed,Engineering,5/3/2025,1161065,1,Passed,Passed,Rejected,Not Hired
450,Sadie Fobidge,Referral,Engineering,12/1/2025,653138,10,Passed,Passed,Rejected,Not Hired
451,Garry Dutch,Campus Hiring,Engineering,13/11/2025,624511,2,Passed,Passed,Rejected,Not Hired
452,Richy Hierro,Referral,Sales,12/11/2025,805966,9,Passed,Failed,Not Reached,Not Hired
453,Justus Willshear,Campus Hiring,Marketing,24/06/2025,745556,0,Failed,Not Reached,Not Reached,Not Hired
454,Robby Eusden,Naukri,HR,3/5/2025,479426,0,Passed,Failed,Not Reached,Not Hired
455,Merrile Toppes,Campus Hiring,Marketing,16/08/2025,586199,9,Passed,Failed,Not Reached,Not Hired
456,Gram Shapter,Indeed,Data Analytics,5/12/2025,342197,2,Passed,Passed,Rejected,Not Hired
457,Dyann Minchin,Naukri,Sales,3/9/2025,722676,7,Passed,Failed,Not Reached,Not Hired
458,Jobyna Hegerty,LinkedIn,Marketing,3/4/2025,897155,0,Failed,Not Reached,Not Reached,Not Hired
459,Jeannie Coales,LinkedIn,HR,1/11/2025,861898,2,Passed,Passed,Offered,Hired
460,Federica Jays,Indeed,Data Analytics,1/10/2025,359568,1,Passed,Passed,Rejected,Not Hired
461,Godard Denerley,Referral,Engineering,21/09/2025,490523,3,Passed,Failed,Not Reached,Not Hired
462,Michaella Coase,Referral,Data Analytics,31/05/2025,501741,10,Passed,Passed,Offered,Hired
463,Veronica Nice,Referral,Sales,6/6/2025,1022294,10,Passed,Passed,Rejected,Not Hired
464,Coretta Whenman,Naukri,HR,3/8/2025,622307,5,Passed,Passed,Rejected,Not Hired
465,Marwin Howton,Campus Hiring,Engineering,28/04/2025,318754,0,Failed,Not Reached,Not Reached,Not Hired
466,Farrel Guiu,Naukri,Engineering,30/12/2025,806911,10,Passed,Passed,Rejected,Not Hired
467,Stephanie Bagley,Referral,HR,24/01/2025,726920,9,Passed,Passed,Rejected,Not Hired
468,Bobbie Jellman,Campus Hiring,Engineering,8/6/2025,1145717,4,Failed,Not Reached,Not Reached,Not Hired
469,Riane Dick,LinkedIn,Marketing,29/07/2025,808839,0,Passed,Passed,Rejected,Not Hired
470,Aluino Lavies,LinkedIn,Sales,22/01/2025,394742,0,Failed,Not Reached,Not Reached,Not Hired
471,Tomasina Kops,Referral,HR,19/09/2025,911280,6,Passed,Passed,Rejected,Not Hired
472,Johnath Calderbank,Naukri,Engineering,3/8/2025,672430,9,Passed,Failed,Not Reached,Not Hired
473,Estrellita Chart,Campus Hiring,HR,26/01/2025,1044889,1,Passed,Passed,Offered,Hired
474,Martino Wallman,Referral,Marketing,19/03/2025,868507,4,Passed,Failed,Not Reached,Not Hired
475,Paola Bendson,Naukri,Marketing,4/7/2025,1015282,6,Passed,Failed,Not Reached,Not Hired
476,Modestine Rubinsaft,LinkedIn,Sales,31/08/2025,415775,10,Passed,Failed,Not Reached,Not Hired
477,Hunter Jendrys,Campus Hiring,Data Analytics,22/02/2025,1043164,9,Passed,Passed,Rejected,Not Hired
478,Gris Connett,Campus Hiring,Data Analytics,2/8/2025,671803,9,Passed,Failed,Not Reached,Not Hired
479,Maxy Rhodes,Indeed,Engineering,14/05/2025,562520,7,Passed,Failed,Not Reached,Not Hired
480,Cindie Morsey,Indeed,Marketing,2/11/2025,671023,0,Failed,Not Reached,Not Reached,Not Hired
481,Bentley Hounsom,Campus Hiring,Engineering,26/07/2025,968299,1,Passed,Failed,Not Reached,Not Hired
482,Nicky Lowdeane,Referral,Sales,30/04/2025,999716,5,Passed,Passed,Rejected,Not Hired
483,Irma Cordeux,LinkedIn,Engineering,2/11/2025,820659,6,Passed,Failed,Not Reached,Not Hired
484,Teodorico Liebermann,Referral,Engineering,23/01/2025,775786,1,Passed,Passed,Offered,Hired
485,Aleta Althrop,Campus Hiring,Marketing,27/05/2025,317848,5,Passed,Failed,Not Reached,Not Hired
486,Fionnula Coulthurst,LinkedIn,Data Analytics,12/10/2025,992502,2,Passed,Passed,Offered,Hired
487,Rube Astling,Indeed,Marketing,22/02/2025,443522,3,Passed,Failed,Not Reached,Not Hired
488,Shena Goodie,Referral,Engineering,14/06/2025,725829,5,Passed,Failed,Not Reached,Not Hired
489,Phineas Rubel,LinkedIn,HR,4/3/2025,1145947,5,Passed,Passed,Offered,Hired
490,Elton McLaren,Campus Hiring,Sales,16/01/2025,312723,1,Passed,Failed,Not Reached,Not Hired
491,Benjie Meachen,Indeed,Marketing,25/11/2025,891544,6,Passed,Failed,Not Reached,Not Hired
492,Naomi Denekamp,Referral,Engineering,27/08/2025,471668,9,Passed,Passed,Offered,Not Hired
493,Mignonne Methven,Naukri,Engineering,30/11/2025,1155773,7,Passed,Passed,Rejected,Not Hired
494,Izak Gregg,LinkedIn,HR,2/11/2025,586586,0,Failed,Not Reached,Not Reached,Not Hired
495,Beverly Bastick,Campus Hiring,Marketing,18/07/2025,860818,4,Failed,Not Reached,Not Reached,Not Hired
496,Gualterio Passby,Indeed,Data Analytics,27/03/2025,986151,8,Passed,Passed,Rejected,Not Hired
497,Gustaf Ayce,LinkedIn,Marketing,19/10/2025,649162,2,Passed,Passed,Rejected,Not Hired
498,Bunny Izat,LinkedIn,Marketing,17/05/2025,840221,0,Passed,Failed,Not Reached,Not Hired
499,Philippe Mistry,Naukri,Data Analytics,26/04/2025,528632,8,Passed,Passed,Offered,Not Hired
500,Marline Pallis,Referral,Data Analytics,31/08/2025,1091997,1,Passed,Failed,Not Reached,Not Hired
501,Rudie Beaulieu,Naukri,Data Analytics,17/07/2025,505745,1,Failed,Not Reached,Not Reached,Not Hired
502,Mile Lindsay,Campus Hiring,HR,26/06/2025,953306,5,Passed,Passed,Rejected,Not Hired
503,Francois McCullogh,Naukri,Marketing,11/8/2025,828248,2,Failed,Not Reached,Not Reached,Not Hired
504,Aurie Fonso,Campus Hiring,Marketing,6/9/2025,618460,9,Passed,Failed,Not Reached,Not Hired
505,Enrichetta Ciardo,Campus Hiring,Sales,2/5/2025,516777,8,Passed,Passed,Rejected,Not Hired
506,Alicea Duffitt,Referral,Engineering,9/8/2025,610486,6,Passed,Passed,Offered,Not Hired
507,Hali Stroud,Campus Hiring,HR,28/07/2025,432598,1,Failed,Not Reached,Not Reached,Not Hired
508,Tan Geroldini,Campus Hiring,Sales,23/07/2025,841176,5,Passed,Passed,Offered,Hired
509,Del Ghent,LinkedIn,Sales,10/6/2025,1069252,8,Passed,Passed,Rejected,Not Hired
510,Benito Kalkofen,Referral,Data Analytics,11/9/2025,762935,10,Passed,Passed,Offered,Not Hired
511,Erek Baumford,LinkedIn,Engineering,16/02/2025,717069,4,Failed,Not Reached,Not Reached,Not Hired
512,Jenny Dowsey,Indeed,Sales,14/02/2025,678083,1,Failed,Not Reached,Not Reached,Not Hired
513,Dominic Bru,Naukri,Sales,15/05/2025,660728,9,Passed,Passed,Rejected,Not Hired
514,Welch Hatherell,LinkedIn,Data Analytics,15/02/2025,755869,5,Passed,Failed,Not Reached,Not Hired
515,Edouard Roo,Referral,Engineering,24/06/2025,636056,8,Passed,Passed,Rejected,Not Hired
516,Kassey Duddy,Naukri,Marketing,12/1/2025,786792,8,Passed,Failed,Not Reached,Not Hired
517,Virgina Aggas,LinkedIn,Data Analytics,29/11/2025,1064049,1,Failed,Not Reached,Not Reached,Not Hired
518,Cissy Roubeix,Naukri,Engineering,5/7/2025,982718,9,Passed,Passed,Offered,Not Hired
519,Krista Mollen,Naukri,Engineering,10/11/2025,804864,1,Passed,Failed,Not Reached,Not Hired
520,Christophe O'Donegan,Naukri,Marketing,21/04/2025,849942,4,Passed,Failed,Not Reached,Not Hired
521,Jen Marfield,LinkedIn,Marketing,27/02/2025,1065679,10,Passed,Passed,Offered,Not Hired
522,Josy Jewes,LinkedIn,Sales,26/08/2025,432375,9,Passed,Passed,Rejected,Not Hired
523,Ambros Pack,Indeed,HR,29/09/2025,610051,4,Passed,Passed,Rejected,Not Hired
524,Raleigh Burrow,Campus Hiring,Engineering,19/03/2025,826058,5,Passed,Failed,Not Reached,Not Hired
525,Clint Rengger,Indeed,Engineering,4/12/2025,483130,1,Passed,Failed,Not Reached,Not Hired
526,Fitz Tendahl,LinkedIn,Data Analytics,15/01/2025,1053251,1,Failed,Not Reached,Not Reached,Not Hired
527,Phebe Tague,LinkedIn,Data Analytics,17/04/2025,332226,8,Passed,Passed,Rejected,Not Hired
528,Nessa Bunford,Indeed,Marketing,4/9/2025,725415,2,Failed,Not Reached,Not Reached,Not Hired
529,Jayme Rabbitts,Indeed,Data Analytics,24/07/2025,398082,8,Passed,Failed,Not Reached,Not Hired
530,Hazel Baumadier,Naukri,Sales,23/10/2025,757383,3,Passed,Passed,Offered,Hired
531,Emmye Ineson,Indeed,Sales,2/6/2025,444666,2,Passed,Failed,Not Reached,Not Hired
532,Sylas Barden,Referral,Engineering,17/01/2025,1008844,9,Passed,Passed,Offered,Hired
533,Roderic Steptow,Referral,Sales,30/07/2025,768253,5,Passed,Failed,Not Reached,Not Hired
534,Natal Anthiftle,LinkedIn,Marketing,2/9/2025,606774,4,Failed,Not Reached,Not Reached,Not Hired
535,Jeniffer Chadd,Referral,HR,29/09/2025,325678,6,Passed,Failed,Not Reached,Not Hired
536,Junia Stott,LinkedIn,HR,23/01/2025,603139,7,Passed,Passed,Offered,Hired
537,Barnebas Downse,Naukri,Marketing,4/1/2025,810722,5,Passed,Passed,Rejected,Not Hired
538,Claus Rawlinson,Referral,Engineering,15/04/2025,341166,0,Passed,Passed,Rejected,Not Hired
539,Tadeo Melley,Campus Hiring,Sales,11/11/2025,989967,2,Failed,Not Reached,Not Reached,Not Hired
540,Rozalin Bruneton,Campus Hiring,Engineering,26/03/2025,462877,10,Passed,Failed,Not Reached,Not Hired
541,Luce Willgoose,Campus Hiring,Marketing,29/03/2025,962717,10,Passed,Passed,Offered,Hired
542,Shayne Swatheridge,LinkedIn,HR,4/9/2025,630809,7,Passed,Failed,Not Reached,Not Hired
543,Meggi Skellion,Referral,Sales,11/11/2025,381129,9,Passed,Failed,Not Reached,Not Hired
544,Gwendolen MacClure,Indeed,Marketing,22/08/2025,1146562,1,Failed,Not Reached,Not Reached,Not Hired
545,Quinta Raycroft,Naukri,Sales,22/07/2025,808904,2,Failed,Not Reached,Not Reached,Not Hired
546,Sheree Gration,LinkedIn,Marketing,28/10/2025,804190,3,Passed,Failed,Not Reached,Not Hired
547,Charisse Colquete,LinkedIn,HR,25/07/2025,409621,4,Passed,Failed,Not Reached,Not Hired
548,Jeddy Dooman,Indeed,Data Analytics,21/05/2025,625779,10,Passed,Passed,Offered,Not Hired
549,Halette Keneleyside,Naukri,Sales,12/3/2025,513832,10,Passed,Passed,Offered,Not Hired
550,Gasparo Pickring,Referral,Marketing,24/01/2025,1048896,10,Passed,Passed,Rejected,Not Hired
551,Erna Eyckelberg,LinkedIn,Marketing,18/04/2025,1026651,5,Passed,Failed,Not Reached,Not Hired
552,Holden Bauser,Campus Hiring,Data Analytics,18/03/2025,505177,9,Passed,Failed,Not Reached,Not Hired
553,Wynn Clemmens,Campus Hiring,Engineering,12/9/2025,902775,0,Failed,Not Reached,Not Reached,Not Hired
554,Ian McCart,Indeed,Data Analytics,23/10/2025,912125,5,Passed,Passed,Rejected,Not Hired
555,Filberte MacGinney,Referral,HR,10/8/2025,349715,6,Passed,Failed,Not Reached,Not Hired
556,Nata Haddy,LinkedIn,Marketing,10/8/2025,1115946,9,Passed,Passed,Offered,Hired
557,Cathi Harrisson,Naukri,Marketing,24/07/2025,971626,1,Passed,Failed,Not Reached,Not Hired
558,Maddalena Caldera,Indeed,HR,17/11/2025,763880,3,Passed,Passed,Offered,Hired
559,Hildegarde Allberry,Campus Hiring,HR,16/06/2025,348760,8,Passed,Passed,Rejected,Not Hired
560,Kasper Trethewey,Campus Hiring,Sales,8/9/2025,574520,1,Passed,Passed,Rejected,Not Hired
561,Sabra Stollen,LinkedIn,Marketing,3/2/2025,444775,2,Passed,Passed,Rejected,Not Hired
562,Hermon Turford,Naukri,Marketing,21/06/2025,432632,2,Failed,Not Reached,Not Reached,Not Hired
563,Leela Goodswen,Campus Hiring,Marketing,28/06/2025,623352,10,Passed,Passed,Offered,Hired
564,Ethelind Sillitoe,Campus Hiring,Engineering,21/06/2025,510637,9,Passed,Passed,Rejected,Not Hired
565,Bertha Close,Indeed,Data Analytics,19/02/2025,726124,2,Failed,Not Reached,Not Reached,Not Hired
566,Melany Ewebank,Campus Hiring,Sales,25/08/2025,562800,3,Failed,Not Reached,Not Reached,Not Hired
567,Riordan Collisson,Referral,Engineering,7/3/2025,478787,7,Passed,Failed,Not Reached,Not Hired
568,Reinold Izkovitch,Naukri,Data Analytics,23/09/2025,600097,3,Passed,Failed,Not Reached,Not Hired
569,Irita Sweet,Indeed,Data Analytics,7/5/2025,922567,4,Passed,Passed,Rejected,Not Hired
570,Jacintha Rowbury,Referral,Data Analytics,28/10/2025,393272,9,Passed,Failed,Not Reached,Not Hired
571,Bent Smickle,Campus Hiring,Data Analytics,1/2/2025,547827,10,Passed,Failed,Not Reached,Not Hired
572,Byrom Calderon,LinkedIn,Marketing,25/11/2025,1028444,4,Failed,Not Reached,Not Reached,Not Hired
573,Keelby Vasse,Naukri,HR,30/08/2025,908743,10,Passed,Passed,Rejected,Not Hired
574,Shirlee Madelin,LinkedIn,Engineering,26/10/2025,385123,10,Passed,Passed,Rejected,Not Hired
575,Ellette Ruzic,Naukri,Sales,18/11/2025,786689,5,Passed,Passed,Offered,Hired
576,Genevieve Anscombe,Campus Hiring,Engineering,3/10/2025,635706,4,Failed,Not Reached,Not Reached,Not Hired
577,Karlene Gambles,Campus Hiring,Data Analytics,14/09/2025,809462,5,Passed,Passed,Offered,Hired
578,Dennet Geipel,Referral,Sales,24/08/2025,550290,10,Passed,Passed,Rejected,Not Hired
579,Catherina Simondson,Naukri,HR,2/7/2025,874277,5,Passed,Passed,Offered,Hired
580,Kym Carp,Referral,Sales,8/9/2025,342007,4,Passed,Failed,Not Reached,Not Hired
581,Shurlocke Kaliszewski,Campus Hiring,Engineering,14/11/2025,344591,0,Passed,Passed,Offered,Hired
582,Andria Heindl,LinkedIn,Engineering,2/9/2025,549363,1,Failed,Not Reached,Not Reached,Not Hired
583,Raffarty Spurriar,Campus Hiring,Marketing,14/11/2025,943678,4,Failed,Not Reached,Not Reached,Not Hired
584,Della Ort,Referral,Engineering,12/1/2025,824992,10,Passed,Passed,Rejected,Not Hired
585,Dietrich Matthews,LinkedIn,Data Analytics,10/1/2025,544585,5,Passed,Passed,Offered,Hired
586,Evin Aggott,Campus Hiring,Sales,8/11/2025,592950,2,Passed,Passed,Offered,Not Hired
587,Randall Pulster,Campus Hiring,HR,31/03/2025,700560,9,Passed,Passed,Rejected,Not Hired
588,Tabina Goudard,Referral,Engineering,13/09/2025,542204,5,Passed,Failed,Not Reached,Not Hired
589,Glen Treneman,Indeed,Data Analytics,5/7/2025,520581,3,Passed,Passed,Offered,Hired
590,Noah Granger,Naukri,HR,14/07/2025,562853,8,Passed,Passed,Offered,Hired
591,Inge Fullylove,Indeed,Marketing,20/01/2025,1114655,5,Passed,Passed,Rejected,Not Hired
592,Kelvin Raoul,Naukri,Engineering,4/2/2025,464089,6,Passed,Passed,Offered,Hired
593,Averell De Bruyn,Indeed,HR,8/1/2025,722307,4,Passed,Passed,Offered,Hired
594,Guillema Kenwell,Referral,HR,23/10/2025,941401,1,Passed,Passed,Offered,Not Hired
595,Kessia Ozanne,Campus Hiring,HR,14/10/2025,929792,1,Passed,Passed,Rejected,Not Hired
596,Cassandra Tickle,Naukri,HR,6/1/2025,995777,1,Passed,Failed,Not Reached,Not Hired
597,Alphard Joanic,LinkedIn,Sales,25/04/2025,592903,6,Passed,Passed,Offered,Hired
598,Sonny Sillars,LinkedIn,HR,19/10/2025,1126645,1,Passed,Failed,Not Reached,Not Hired
599,Fredek Kehoe,Indeed,Marketing,27/11/2025,449387,3,Passed,Passed,Rejected,Not Hired
600,Samson Ashpital,Naukri,Marketing,10/8/2025,530442,10,Passed,Failed,Not Reached,Not Hired
601,Tandie Cristofvao,LinkedIn,Marketing,25/09/2025,499549,0,Passed,Passed,Offered,Not Hired
602,Marcus Pentercost,Campus Hiring,Sales,16/10/2025,1136194,1,Passed,Failed,Not Reached,Not Hired
603,James Rockell,Campus Hiring,Data Analytics,17/04/2025,421056,8,Passed,Passed,Offered,Hired
604,Corinne Wishkar,Referral,Marketing,27/05/2025,1106030,7,Passed,Passed,Rejected,Not Hired
605,Ty Lober,Naukri,Marketing,21/07/2025,844961,2,Failed,Not Reached,Not Reached,Not Hired
606,Selie Bristo,Referral,Data Analytics,5/5/2025,497188,3,Failed,Not Reached,Not Reached,Not Hired
607,Garrek Earthfield,Indeed,Sales,24/01/2025,601448,3,Passed,Passed,Rejected,Not Hired
608,Stanwood Comusso,Indeed,HR,30/09/2025,1017529,0,Failed,Not Reached,Not Reached,Not Hired
609,Kalle Molyneaux,Indeed,HR,12/12/2025,806980,10,Passed,Failed,Not Reached,Not Hired
610,Marketa Arkwright,LinkedIn,Marketing,3/5/2025,866911,5,Passed,Failed,Not Reached,Not Hired
611,Rabi Ockland,Campus Hiring,HR,28/12/2025,852272,0,Passed,Passed,Offered,Hired
612,Bennie Haines,Indeed,Marketing,1/8/2025,431710,5,Passed,Passed,Offered,Hired
613,Ricky Tollerton,Naukri,Marketing,29/08/2025,1187726,2,Failed,Not Reached,Not Reached,Not Hired
614,Janos Whoolehan,LinkedIn,Engineering,7/12/2025,1060874,3,Failed,Not Reached,Not Reached,Not Hired
615,Petra Clothier,Naukri,Sales,26/07/2025,433670,7,Passed,Failed,Not Reached,Not Hired
616,Jourdan Stubs,Referral,Engineering,12/4/2025,731234,1,Passed,Passed,Offered,Not Hired
617,Gustave Kay,Indeed,Data Analytics,20/06/2025,590908,4,Passed,Passed,Offered,Hired
618,Gwendolin Tinton,Referral,Marketing,2/2/2025,648181,4,Passed,Failed,Not Reached,Not Hired
619,Karolina Churchyard,Indeed,Sales,18/04/2025,1133288,3,Failed,Not Reached,Not Reached,Not Hired
620,Sharl Soffe,Campus Hiring,HR,15/11/2025,644712,0,Passed,Passed,Offered,Hired
621,Patsy Shottin,LinkedIn,Data Analytics,16/07/2025,446131,7,Passed,Passed,Offered,Hired
622,Pauly Hamp,Referral,Data Analytics,9/4/2025,967773,4,Failed,Not Reached,Not Reached,Not Hired
623,Deni Bredee,LinkedIn,HR,27/07/2025,301823,9,Passed,Passed,Rejected,Not Hired
624,Tatum Jurczak,LinkedIn,Data Analytics,9/5/2025,392737,10,Passed,Passed,Rejected,Not Hired
625,Zach Enright,Naukri,Data Analytics,22/12/2025,410689,0,Passed,Failed,Not Reached,Not Hired
626,Ruggiero Alflatt,Naukri,Marketing,26/03/2025,940556,3,Passed,Passed,Rejected,Not Hired
627,Valma Ganter,Campus Hiring,HR,11/11/2025,893438,7,Passed,Passed,Rejected,Not Hired
628,Sasha Negus,Indeed,HR,12/2/2025,851748,6,Passed,Failed,Not Reached,Not Hired
629,Lind Howse,Campus Hiring,HR,9/7/2025,661954,5,Passed,Failed,Not Reached,Not Hired
630,Elmer Mott,Referral,Engineering,24/01/2025,1069177,9,Passed,Passed,Rejected,Not Hired
631,Henrie Boultwood,LinkedIn,HR,11/12/2025,712760,10,Passed,Passed,Offered,Hired
632,Rachael Cogman,Referral,Marketing,11/5/2025,721664,0,Passed,Passed,Offered,Hired
633,Frannie Buterton,LinkedIn,Engineering,6/6/2025,356573,6,Passed,Failed,Not Reached,Not Hired
634,Randal Deas,Indeed,Marketing,2/6/2025,1079652,5,Passed,Passed,Rejected,Not Hired
635,Kane Baszniak,Referral,Sales,19/03/2025,375735,10,Passed,Failed,Not Reached,Not Hired
636,Fitzgerald Reihill,Referral,Marketing,18/12/2025,1166102,8,Passed,Passed,Rejected,Not Hired
637,Lauretta Palphreyman,Indeed,HR,25/06/2025,624230,3,Passed,Passed,Offered,Not Hired
638,Rafferty McOrkil,Naukri,Marketing,3/6/2025,745886,8,Passed,Failed,Not Reached,Not Hired
639,Annmarie Schmidt,LinkedIn,HR,5/6/2025,1003265,4,Failed,Not Reached,Not Reached,Not Hired
640,Doy Linwood,LinkedIn,Data Analytics,15/11/2025,1074654,5,Passed,Passed,Rejected,Not Hired
641,Aluino Pichmann,Naukri,Engineering,17/08/2025,687328,2,Passed,Failed,Not Reached,Not Hired
642,Laetitia Canelas,Naukri,Data Analytics,12/9/2025,659663,10,Passed,Failed,Not Reached,Not Hired
643,Abbot Wrates,Naukri,Sales,24/05/2025,411947,1,Passed,Passed,Rejected,Not Hired
644,Niel Ligoe,Naukri,HR,13/05/2025,874940,0,Passed,Passed,Offered,Hired
645,Padraic Heinert,Indeed,Data Analytics,4/9/2025,583089,3,Failed,Not Reached,Not Reached,Not Hired
646,Fraze Iohananof,Referral,Marketing,21/02/2025,790398,1,Failed,Not Reached,Not Reached,Not Hired
647,Chryste Raper,Campus Hiring,Data Analytics,6/8/2025,854777,5,Passed,Passed,Offered,Hired
648,Reinold Grigaut,Referral,Data Analytics,2/3/2025,1186771,2,Passed,Passed,Rejected,Not Hired
649,Phyllis Middleweek,Naukri,Data Analytics,3/10/2025,949076,2,Failed,Not Reached,Not Reached,Not Hired
650,Danella Kauffman,Referral,Sales,26/12/2025,776916,1,Passed,Passed,Rejected,Not Hired
651,Alastair Comrie,Indeed,Sales,5/8/2025,888433,8,Passed,Passed,Offered,Hired
652,Lisetta Gosnold,Naukri,Sales,27/09/2025,482125,2,Passed,Failed,Not Reached,Not Hired
653,Fidole Desforges,Campus Hiring,Data Analytics,1/2/2025,1157761,9,Passed,Passed,Offered,Not Hired
654,Myranda Brealey,Referral,Marketing,19/04/2025,597864,10,Passed,Passed,Rejected,Not Hired
655,Goldia Fransoni,LinkedIn,Sales,3/2/2025,522867,10,Passed,Passed,Offered,Hired
656,Rouvin Lashbrook,Referral,Marketing,24/02/2025,877653,0,Failed,Not Reached,Not Reached,Not Hired
657,Bess Campey,Campus Hiring,Sales,19/09/2025,1049832,1,Failed,Not Reached,Not Reached,Not Hired
658,Othilia Everiss,LinkedIn,Marketing,27/09/2025,385840,8,Passed,Passed,Offered,Not Hired
659,Norine Mapletoft,Indeed,Engineering,27/12/2025,999188,7,Passed,Failed,Not Reached,Not Hired
660,Stanislaw Daniaud,Referral,Marketing,24/01/2025,523449,0,Passed,Passed,Offered,Hired
661,Valaree Hengoed,Naukri,HR,5/8/2025,713697,1,Passed,Passed,Offered,Not Hired
662,Maxy Coleshill,LinkedIn,HR,4/5/2025,901525,1,Failed,Not Reached,Not Reached,Not Hired
663,Jerrilee Curtiss,Campus Hiring,HR,13/01/2025,418481,5,Passed,Passed,Rejected,Not Hired
664,Melantha Samworth,Referral,Data Analytics,9/9/2025,990393,9,Passed,Failed,Not Reached,Not Hired
665,Jolyn Dicken,Campus Hiring,Marketing,30/01/2025,863984,3,Passed,Failed,Not Reached,Not Hired
666,Gavan Morgan,Indeed,Data Analytics,7/8/2025,934211,1,Passed,Failed,Not Reached,Not Hired
667,Jeffie Boxer,Indeed,HR,27/10/2025,949499,9,Passed,Passed,Offered,Hired
668,Mel Weatherhogg,Indeed,Engineering,14/01/2025,1024746,4,Passed,Failed,Not Reached,Not Hired
669,Sophi Humphrey,Naukri,Engineering,27/01/2025,706524,10,Passed,Failed,Not Reached,Not Hired
670,Court Swadlinge,Campus Hiring,Data Analytics,18/09/2025,679050,5,Passed,Passed,Rejected,Not Hired
671,Deanne Iglesias,LinkedIn,HR,25/12/2025,741480,0,Passed,Passed,Offered,Hired
672,Stephani Barkworth,Indeed,Engineering,18/12/2025,479726,0,Failed,Not Reached,Not Reached,Not Hired
673,Lanie Van Rembrandt,Indeed,HR,12/7/2025,1086286,6,Passed,Passed,Offered,Hired
674,Petrina Pettigree,LinkedIn,Sales,22/12/2025,988860,4,Passed,Failed,Not Reached,Not Hired
675,Roderic Ryman,LinkedIn,Sales,11/3/2025,1040051,5,Passed,Passed,Rejected,Not Hired
676,Marj Redman,LinkedIn,HR,30/06/2025,519356,5,Passed,Passed,Rejected,Not Hired
677,Harriott Vearncomb,Campus Hiring,HR,21/12/2025,1040559,2,Failed,Not Reached,Not Reached,Not Hired
678,Bonita Allom,LinkedIn,Engineering,26/03/2025,899208,1,Passed,Failed,Not Reached,Not Hired
679,Nicolis Knowling,Indeed,Marketing,28/10/2025,308554,2,Failed,Not Reached,Not Reached,Not Hired
680,Rochester Tussaine,LinkedIn,Data Analytics,28/06/2025,1131367,9,Passed,Failed,Not Reached,Not Hired
681,Bryn Squibbes,LinkedIn,Sales,16/11/2025,1048514,9,Passed,Passed,Rejected,Not Hired
682,El Staines,Campus Hiring,Engineering,14/08/2025,842291,4,Failed,Not Reached,Not Reached,Not Hired
683,Zollie Wilmot,Indeed,Marketing,25/12/2025,958431,4,Passed,Failed,Not Reached,Not Hired
684,Glyn McGrah,Campus Hiring,Sales,22/08/2025,724951,6,Passed,Failed,Not Reached,Not Hired
685,Layney Laugier,LinkedIn,Sales,15/05/2025,781294,1,Passed,Passed,Rejected,Not Hired
686,Yardley Bircher,Naukri,HR,17/10/2025,616526,1,Failed,Not Reached,Not Reached,Not Hired
687,Stanleigh Shotton,Indeed,Marketing,7/8/2025,1151256,5,Passed,Passed,Offered,Hired
688,Joseph Nesterov,LinkedIn,Marketing,12/1/2025,1113621,1,Failed,Not Reached,Not Reached,Not Hired
689,Clemmy Draycott,Referral,Marketing,4/12/2025,1128153,0,Passed,Passed,Rejected,Not Hired
690,Clim Jesteco,LinkedIn,Marketing,10/10/2025,672072,7,Passed,Passed,Rejected,Not Hired
691,Tami Lilleycrop,Naukri,Data Analytics,31/03/2025,307034,5,Passed,Passed,Rejected,Not Hired
692,Krystal Kingzet,Referral,Sales,18/01/2025,641026,10,Passed,Failed,Not Reached,Not Hired
693,Dorothy Caze,Referral,Data Analytics,8/10/2025,596770,2,Passed,Passed,Rejected,Not Hired
694,Gilligan MacKellar,Referral,Sales,7/12/2025,1155707,6,Passed,Failed,Not Reached,Not Hired
695,Beatrix Vogel,Campus Hiring,Data Analytics,15/01/2025,983571,1,Failed,Not Reached,Not Reached,Not Hired
696,Petronille Emmet,LinkedIn,Marketing,5/4/2025,320350,8,Passed,Failed,Not Reached,Not Hired
697,Yorke Nutty,Campus Hiring,Engineering,11/10/2025,933477,5,Passed,Passed,Offered,Hired
698,Padgett Selesnick,Indeed,Marketing,14/08/2025,864805,0,Failed,Not Reached,Not Reached,Not Hired
699,Jerrylee Gladman,Naukri,Data Analytics,24/04/2025,1085502,9,Passed,Failed,Not Reached,Not Hired
700,Mortimer Twinning,Indeed,Data Analytics,4/11/2025,613123,5,Passed,Passed,Offered,Hired
701,Coop Haselwood,Indeed,HR,12/6/2025,1168897,9,Passed,Passed,Rejected,Not Hired
702,Janette Janjusevic,Naukri,Sales,5/3/2025,630326,10,Passed,Failed,Not Reached,Not Hired
703,Niki Padden,Campus Hiring,Marketing,1/11/2025,406826,7,Passed,Passed,Rejected,Not Hired
704,Aldon Wilprecht,Referral,HR,16/10/2025,594636,10,Passed,Passed,Offered,Not Hired
705,Jake Rowbottam,Referral,Sales,12/4/2025,468142,8,Passed,Failed,Not Reached,Not Hired
706,Vonni Bienvenu,Naukri,Marketing,22/09/2025,525385,3,Failed,Not Reached,Not Reached,Not Hired
707,Rhodie Calender,Indeed,Data Analytics,19/07/2025,880022,4,Passed,Passed,Rejected,Not Hired
708,Gerladina Wyss,Campus Hiring,HR,4/5/2025,557757,6,Passed,Passed,Offered,Hired
709,Brian Spinetti,Naukri,HR,19/09/2025,1083291,8,Passed,Failed,Not Reached,Not Hired
710,Shirl Bebbell,Indeed,Sales,21/08/2025,373515,10,Passed,Failed,Not Reached,Not Hired
711,Desirae Willacot,Campus Hiring,HR,16/03/2025,840960,1,Passed,Failed,Not Reached,Not Hired
712,Alard Drinkwater,Campus Hiring,HR,3/6/2025,981677,4,Passed,Passed,Offered,Not Hired
713,Dorian Laneham,Referral,Data Analytics,21/09/2025,436084,3,Passed,Failed,Not Reached,Not Hired
714,Michal Cossey,Referral,Data Analytics,6/9/2025,396593,1,Passed,Failed,Not Reached,Not Hired
715,Othilia Skipton,Campus Hiring,HR,20/06/2025,521628,9,Passed,Failed,Not Reached,Not Hired
716,Mariann Dessant,Naukri,Data Analytics,2/7/2025,422064,10,Passed,Passed,Offered,Hired
717,Pinchas Wimsett,Referral,Marketing,11/1/2025,1064003,8,Passed,Passed,Rejected,Not Hired
718,Candie Fancott,Indeed,HR,6/8/2025,1019980,8,Passed,Failed,Not Reached,Not Hired
719,Shalom MacGillivray,Referral,Engineering,13/12/2025,354400,3,Passed,Passed,Offered,Hired
720,Daisey Jagiello,LinkedIn,HR,16/04/2025,1146297,2,Failed,Not Reached,Not Reached,Not Hired
721,Fey Paunton,Referral,HR,23/05/2025,572606,4,Passed,Failed,Not Reached,Not Hired
722,Eleanora Rene,LinkedIn,Engineering,19/09/2025,428290,7,Passed,Passed,Offered,Hired
723,Meryl Barensky,Referral,HR,11/9/2025,789270,0,Passed,Failed,Not Reached,Not Hired
724,Mohandis Clipson,Campus Hiring,HR,21/12/2025,666779,5,Passed,Passed,Offered,Hired
725,Aurora Blabber,Referral,Marketing,4/9/2025,702496,0,Failed,Not Reached,Not Reached,Not Hired
726,Leonard Heaven,LinkedIn,Data Analytics,12/2/2025,1047742,8,Passed,Failed,Not Reached,Not Hired
727,Kenyon Bohea,Referral,Data Analytics,1/6/2025,993778,8,Passed,Passed,Offered,Hired
728,Isidor Bushill,Campus Hiring,Data Analytics,6/10/2025,684804,1,Failed,Not Reached,Not Reached,Not Hired
729,Jeddy Lewsy,Campus Hiring,Engineering,27/10/2025,636251,7,Passed,Passed,Offered,Hired
730,Hobart Bauduccio,Indeed,Marketing,3/1/2025,519014,5,Passed,Failed,Not Reached,Not Hired
731,Tedmund Brittian,Indeed,Sales,24/06/2025,668767,10,Passed,Failed,Not Reached,Not Hired
732,Daffy Appleton,Referral,HR,22/10/2025,730129,3,Passed,Passed,Offered,Hired
733,Moss Zaple,Campus Hiring,Engineering,12/2/2025,643384,8,Passed,Passed,Rejected,Not Hired
734,Jordon Annear,LinkedIn,Engineering,18/10/2025,738343,0,Passed,Passed,Offered,Hired
735,Vladimir Brick,Campus Hiring,Engineering,16/07/2025,629252,2,Failed,Not Reached,Not Reached,Not Hired
736,Lyn Moberley,Naukri,Data Analytics,10/11/2025,761384,3,Passed,Passed,Rejected,Not Hired
737,Feodor Tooker,Indeed,Marketing,28/09/2025,786774,7,Passed,Failed,Not Reached,Not Hired
738,Carole McQuaide,Referral,HR,19/09/2025,756992,4,Failed,Not Reached,Not Reached,Not Hired
739,Aloisia Gallo,Campus Hiring,Sales,18/01/2025,545751,1,Passed,Passed,Rejected,Not Hired
740,Jarrod Beaument,Indeed,Engineering,9/5/2025,704261,3,Failed,Not Reached,Not Reached,Not Hired
741,Erasmus Penhearow,Campus Hiring,Engineering,7/10/2025,366075,7,Passed,Passed,Offered,Hired
742,Drusie Hayden,Campus Hiring,HR,10/11/2025,800500,9,Passed,Passed,Rejected,Not Hired
743,Hilliary Leathwood,Indeed,Engineering,14/07/2025,538082,0,Failed,Not Reached,Not Reached,Not Hired
744,Tanny Eger,Referral,Marketing,7/9/2025,612307,0,Passed,Passed,Offered,Hired
745,Winonah Malster,LinkedIn,HR,13/07/2025,748328,8,Passed,Passed,Rejected,Not Hired
746,Corilla Noice,Referral,Marketing,20/11/2025,396344,9,Passed,Failed,Not Reached,Not Hired
747,Ric Loseke,Naukri,Data Analytics,2/1/2025,883625,9,Passed,Passed,Offered,Hired
748,Deanne Endecott,Indeed,HR,14/11/2025,1072104,4,Failed,Not Reached,Not Reached,Not Hired
749,Serene Corde,Referral,Data Analytics,4/12/2025,793918,5,Passed,Passed,Rejected,Not Hired
750,Jermain Baynam,Naukri,HR,3/1/2025,609163,6,Passed,Passed,Rejected,Not Hired
751,Benny Sprakes,Naukri,Sales,25/03/2025,695840,8,Passed,Failed,Not Reached,Not Hired
752,Mendie Fritzer,Referral,HR,16/01/2025,312697,3,Passed,Failed,Not Reached,Not Hired
753,Kessia Abry,LinkedIn,HR,13/10/2025,419173,10,Passed,Passed,Rejected,Not Hired
754,Malissa Pocknoll,Referral,HR,1/9/2025,911146,1,Passed,Passed,Offered,Hired
755,My Rabbitts,LinkedIn,Marketing,12/2/2025,636707,7,Passed,Failed,Not Reached,Not Hired
756,Alejandro Rodder,Naukri,Engineering,3/10/2025,580566,7,Passed,Passed,Offered,Not Hired
757,Anthia Dyers,LinkedIn,Engineering,20/01/2025,528039,3,Passed,Passed,Offered,Not Hired
758,Kaile Quant,Naukri,HR,10/9/2025,824045,2,Passed,Passed,Rejected,Not Hired
759,Eberhard Roma,Campus Hiring,Sales,20/05/2025,400046,0,Passed,Passed,Offered,Hired
760,Maribel McArthur,Indeed,Engineering,22/01/2025,407729,8,Passed,Passed,Offered,Not Hired
761,Kimberly Thing,Indeed,Data Analytics,3/2/2025,841916,8,Passed,Failed,Not Reached,Not Hired
762,Bord Puddifer,Naukri,Marketing,18/08/2025,303367,4,Passed,Passed,Rejected,Not Hired
763,Antoni Ioannidis,Referral,Engineering,25/09/2025,389176,1,Passed,Passed,Offered,Not Hired
764,Lavinia Chazotte,Referral,Marketing,9/4/2025,895577,9,Passed,Passed,Offered,Hired
765,Saunder Grayston,Indeed,Data Analytics,26/09/2025,595897,4,Failed,Not Reached,Not Reached,Not Hired
766,Job Chitson,Naukri,HR,24/12/2025,856467,1,Failed,Not Reached,Not Reached,Not Hired
767,Jorge Tavner,Naukri,HR,12/1/2025,627694,6,Passed,Failed,Not Reached,Not Hired
768,Valentine Pentland,Naukri,Engineering,16/10/2025,531298,7,Passed,Failed,Not Reached,Not Hired
769,Carine Hadcock,Indeed,HR,4/2/2025,524249,1,Passed,Failed,Not Reached,Not Hired
770,Hazlett Impson,Campus Hiring,Data Analytics,21/01/2025,888122,9,Passed,Passed,Offered,Hired
771,Bernette Bellam,Naukri,Sales,24/08/2025,881999,8,Passed,Passed,Rejected,Not Hired
772,Enrichetta Eustice,LinkedIn,Engineering,3/12/2025,643552,1,Passed,Passed,Offered,Hired
773,Phaedra Lorente,Campus Hiring,Engineering,23/08/2025,994384,5,Passed,Passed,Rejected,Not Hired
774,Gabriella Graith,Naukri,Engineering,4/6/2025,748947,2,Passed,Passed,Offered,Hired
775,Ame Drage,Naukri,Marketing,23/04/2025,626293,3,Passed,Passed,Rejected,Not Hired
776,Craggie Fayer,Campus Hiring,Engineering,8/12/2025,449643,8,Passed,Passed,Rejected,Not Hired
777,Rodrigo Bish,LinkedIn,HR,28/10/2025,856233,7,Passed,Passed,Offered,Not Hired
778,Ezequiel Denisovich,LinkedIn,Marketing,17/04/2025,470809,7,Passed,Failed,Not Reached,Not Hired
779,Benedikt Shepstone,LinkedIn,HR,16/07/2025,311739,0,Passed,Passed,Rejected,Not Hired
780,Augustin Harwood,Campus Hiring,HR,26/09/2025,719561,4,Passed,Failed,Not Reached,Not Hired
781,Marjorie McChesney,Campus Hiring,Data Analytics,12/9/2025,1051708,1,Failed,Not Reached,Not Reached,Not Hired
782,Gaye Ferney,Campus Hiring,Sales,18/07/2025,399933,2,Failed,Not Reached,Not Reached,Not Hired
783,Fredia Greenhowe,Campus Hiring,Sales,12/2/2025,1047753,3,Passed,Failed,Not Reached,Not Hired
784,Reynolds Kemwal,Naukri,Data Analytics,14/11/2025,704237,8,Passed,Failed,Not Reached,Not Hired
785,Morten Halegarth,Referral,Sales,20/11/2025,885081,4,Passed,Passed,Rejected,Not Hired
786,Darnall Bainbrigge,Referral,Data Analytics,12/8/2025,913530,8,Passed,Failed,Not Reached,Not Hired
787,Paloma Antuoni,Campus Hiring,Data Analytics,29/03/2025,368053,4,Failed,Not Reached,Not Reached,Not Hired
788,Jocelyne Nestoruk,Indeed,Engineering,27/11/2025,345991,2,Passed,Passed,Offered,Not Hired
789,Isiahi Sturror,Campus Hiring,Sales,26/01/2025,327204,3,Passed,Passed,Offered,Hired
790,Shelia Aspling,Naukri,HR,31/05/2025,1038511,1,Failed,Not Reached,Not Reached,Not Hired
791,Willy Goodlet,Naukri,Engineering,17/05/2025,801678,10,Passed,Passed,Rejected,Not Hired
792,Jennilee Kobpac,LinkedIn,Marketing,11/7/2025,585150,2,Failed,Not Reached,Not Reached,Not Hired
793,Lisbeth Maleby,Indeed,Marketing,15/06/2025,1136974,2,Failed,Not Reached,Not Reached,Not Hired
794,Adair Casillis,Indeed,Data Analytics,13/08/2025,625877,6,Passed,Passed,Offered,Hired
795,Annabel Ferryn,Naukri,Data Analytics,15/04/2025,1002049,1,Failed,Not Reached,Not Reached,Not Hired
796,Adara Fuentes,Naukri,HR,9/7/2025,464219,3,Passed,Failed,Not Reached,Not Hired
797,Livvyy Duffer,Referral,Engineering,19/05/2025,307562,8,Passed,Passed,Offered,Hired
798,Anderea Foort,Naukri,Sales,8/2/2025,1126811,4,Failed,Not Reached,Not Reached,Not Hired
799,Maggie Salter,Referral,HR,24/12/2025,1163311,5,Passed,Passed,Rejected,Not Hired
800,Marianne Biggen,Campus Hiring,Sales,1/5/2025,502250,0,Passed,Failed,Not Reached,Not Hired
801,Rhodie Corneljes,LinkedIn,HR,6/7/2025,563090,10,Passed,Failed,Not Reached,Not Hired
802,Bridgette Wark,Indeed,Data Analytics,25/03/2025,894295,1,Passed,Passed,Rejected,Not Hired
803,Gregoire Stelfax,Naukri,Sales,13/11/2025,774291,2,Passed,Passed,Offered,Hired
804,Eudora Goatman,Campus Hiring,Data Analytics,16/08/2025,725500,2,Passed,Passed,Offered,Hired
805,Shanda Padgham,Campus Hiring,Engineering,14/02/2025,1071632,6,Passed,Failed,Not Reached,Not Hired
806,Adda Ettles,Campus Hiring,Engineering,24/02/2025,1134116,7,Passed,Failed,Not Reached,Not Hired
807,Bret Pearton,Referral,Sales,13/04/2025,507191,6,Passed,Passed,Rejected,Not Hired
808,Roselin Dedman,LinkedIn,Engineering,9/3/2025,446805,0,Failed,Not Reached,Not Reached,Not Hired
809,Joan Khrishtafovich,Campus Hiring,Marketing,12/6/2025,407486,10,Passed,Failed,Not Reached,Not Hired
810,Olivia Tampling,Referral,Marketing,7/8/2025,852936,10,Passed,Passed,Rejected,Not Hired
811,Gaultiero Goshawk,LinkedIn,Marketing,24/10/2025,859962,9,Passed,Passed,Rejected,Not Hired
812,Ilse Marney,LinkedIn,Engineering,10/8/2025,434954,2,Failed,Not Reached,Not Reached,Not Hired
813,Karee Eynon,Naukri,Data Analytics,2/9/2025,1005643,10,Passed,Failed,Not Reached,Not Hired
814,Cristin Danneil,Referral,Data Analytics,17/02/2025,1128775,3,Failed,Not Reached,Not Reached,Not Hired
815,Carolyne Mansbridge,LinkedIn,Engineering,22/01/2025,329174,0,Passed,Failed,Not Reached,Not Hired
816,Sheila-kathryn Ellacott,Indeed,HR,3/6/2025,378474,4,Passed,Failed,Not Reached,Not Hired
817,Hannie Reihm,LinkedIn,HR,22/11/2025,1199935,5,Passed,Passed,Rejected,Not Hired
818,Blaire Cona,Indeed,Marketing,12/8/2025,582492,5,Passed,Passed,Rejected,Not Hired
819,Yalonda Pawson,LinkedIn,HR,12/11/2025,370440,5,Passed,Failed,Not Reached,Not Hired
820,Averil Petti,Indeed,Data Analytics,23/01/2025,572500,9,Passed,Passed,Rejected,Not Hired
821,Olav Sawford,Referral,Sales,10/2/2025,844709,1,Failed,Not Reached,Not Reached,Not Hired
822,Hayley Cosker,LinkedIn,Marketing,4/3/2025,586790,6,Passed,Failed,Not Reached,Not Hired
823,Harriett Heibl,Naukri,Engineering,15/05/2025,996425,8,Passed,Failed,Not Reached,Not Hired
824,Rolph Verissimo,Naukri,Sales,22/02/2025,383586,0,Passed,Failed,Not Reached,Not Hired
825,Willem Davsley,Indeed,Engineering,11/3/2025,994007,5,Passed,Passed,Rejected,Not Hired
826,Ynes Donaway,Naukri,Sales,18/01/2025,486310,1,Failed,Not Reached,Not Reached,Not Hired
827,Eduard Perrigo,Referral,Marketing,15/10/2025,552873,3,Passed,Passed,Rejected,Not Hired
828,Shaine Geane,Campus Hiring,Sales,29/06/2025,1115113,0,Passed,Failed,Not Reached,Not Hired
829,Clemmy Maciak,Referral,Engineering,6/8/2025,926566,5,Passed,Failed,Not Reached,Not Hired
830,Cooper Quakley,LinkedIn,HR,22/03/2025,463606,6,Passed,Failed,Not Reached,Not Hired
831,Emilia Reinhard,Campus Hiring,Marketing,14/10/2025,750285,8,Passed,Failed,Not Reached,Not Hired
832,Edd Beament,Naukri,Data Analytics,26/07/2025,548568,5,Passed,Failed,Not Reached,Not Hired
833,Ludvig Lancastle,Campus Hiring,Data Analytics,2/11/2025,845152,7,Passed,Passed,Offered,Hired
834,Herold Friend,LinkedIn,Data Analytics,30/07/2025,1145881,0,Passed,Failed,Not Reached,Not Hired
835,Jules Durkin,LinkedIn,Sales,25/06/2025,903911,5,Passed,Failed,Not Reached,Not Hired
836,Bo Fidoe,Campus Hiring,Engineering,5/10/2025,315924,0,Failed,Not Reached,Not Reached,Not Hired
837,Marjorie Shimuk,LinkedIn,Sales,4/6/2025,888057,5,Passed,Passed,Rejected,Not Hired
838,Andriana Manger,LinkedIn,Marketing,2/9/2025,525800,10,Passed,Passed,Offered,Not Hired
839,Griffy Sibborn,Naukri,Data Analytics,15/11/2025,324967,6,Passed,Failed,Not Reached,Not Hired
840,Stephanie Keyser,Naukri,HR,4/1/2025,797918,6,Passed,Failed,Not Reached,Not Hired
841,Fabien Librey,LinkedIn,Marketing,22/06/2025,721327,1,Failed,Not Reached,Not Reached,Not Hired
842,Dewain Domanek,Referral,Sales,15/06/2025,417905,7,Passed,Failed,Not Reached,Not Hired
843,Gerda Fillan,LinkedIn,HR,30/12/2025,763128,7,Passed,Failed,Not Reached,Not Hired
844,Hedda O' Byrne,Indeed,Sales,18/09/2025,735242,5,Passed,Passed,Offered,Hired
845,Lilllie Chieco,Campus Hiring,HR,12/2/2025,705290,6,Passed,Passed,Offered,Hired
846,Jarvis Crosbie,Indeed,HR,8/1/2025,838078,6,Passed,Passed,Rejected,Not Hired
847,Grethel Shillaker,LinkedIn,HR,30/12/2025,1100927,1,Failed,Not Reached,Not Reached,Not Hired
848,Carolyn Ingham,LinkedIn,Engineering,3/2/2025,493149,6,Passed,Failed,Not Reached,Not Hired
849,Leupold Malkinson,Campus Hiring,Engineering,29/08/2025,1167426,3,Passed,Failed,Not Reached,Not Hired
850,Garnet Lardge,LinkedIn,HR,9/8/2025,526787,6,Passed,Passed,Offered,Hired
851,Emlynne Prout,Referral,Sales,11/5/2025,447797,8,Passed,Passed,Offered,Not Hired
852,Beverly Ruddoch,LinkedIn,HR,24/10/2025,712177,2,Passed,Failed,Not Reached,Not Hired
853,Erhard Kroin,LinkedIn,Data Analytics,31/08/2025,961609,9,Passed,Passed,Offered,Not Hired
854,Louisette Wither,Indeed,Marketing,2/12/2025,349971,8,Passed,Passed,Rejected,Not Hired
855,Zora Orteau,Campus Hiring,Marketing,29/07/2025,923410,1,Passed,Passed,Offered,Not Hired
856,Roldan Dudmarsh,Campus Hiring,Engineering,3/10/2025,791247,3,Passed,Passed,Offered,Not Hired
857,Bank Chitson,Referral,Sales,26/07/2025,489068,10,Passed,Passed,Rejected,Not Hired
858,Margie Brewer,Referral,Marketing,16/05/2025,340071,8,Passed,Failed,Not Reached,Not Hired
859,Chaddie Kasper,LinkedIn,Marketing,20/11/2025,365103,4,Passed,Passed,Rejected,Not Hired
860,Berget Althrope,Referral,HR,2/5/2025,580426,2,Failed,Not Reached,Not Reached,Not Hired
861,Modestia Gabala,Referral,Engineering,20/10/2025,418299,6,Passed,Passed,Offered,Hired
862,Chicky Reedick,Campus Hiring,HR,3/7/2025,858716,8,Passed,Failed,Not Reached,Not Hired
863,Ruthie Pretor,Naukri,HR,11/6/2025,1045350,7,Passed,Passed,Rejected,Not Hired
864,Mirabella Bessell,Indeed,Sales,11/9/2025,426544,10,Passed,Failed,Not Reached,Not Hired
865,Nedi Silverson,Campus Hiring,Sales,17/10/2025,338787,8,Passed,Passed,Rejected,Not Hired
866,Clary Costy,Referral,Engineering,24/07/2025,1123888,10,Passed,Passed,Rejected,Not Hired
867,Adriane Andreuzzi,Naukri,Engineering,7/5/2025,444840,8,Passed,Failed,Not Reached,Not Hired
868,Alis Aires,Referral,Data Analytics,10/6/2025,702099,10,Passed,Failed,Not Reached,Not Hired
869,Wolfy Biggadike,Campus Hiring,Data Analytics,20/03/2025,1143575,2,Failed,Not Reached,Not Reached,Not Hired
870,Vanda Ferronel,LinkedIn,Engineering,3/5/2025,755208,5,Passed,Failed,Not Reached,Not Hired
871,Terese Mathew,LinkedIn,Engineering,20/01/2025,902645,8,Passed,Passed,Offered,Hired
872,Cammy Greasty,Campus Hiring,Marketing,21/11/2025,764292,7,Passed,Failed,Not Reached,Not Hired
873,Rosanna Hubbuck,Naukri,Data Analytics,26/07/2025,1105578,6,Passed,Failed,Not Reached,Not Hired
874,Teriann Chastagnier,Referral,Marketing,1/9/2025,1073014,7,Passed,Passed,Rejected,Not Hired
875,Amber Trevers,Naukri,Marketing,3/11/2025,499838,10,Passed,Passed,Rejected,Not Hired
876,Katrina Chazerand,LinkedIn,Engineering,29/01/2025,677496,5,Passed,Failed,Not Reached,Not Hired
877,Jacquelynn Rudge,Campus Hiring,Engineering,22/09/2025,906786,0,Passed,Passed,Rejected,Not Hired
878,Kerianne Worsom,LinkedIn,HR,15/05/2025,628004,10,Passed,Failed,Not Reached,Not Hired
879,Sly Growden,LinkedIn,Data Analytics,13/09/2025,1000123,6,Passed,Failed,Not Reached,Not Hired
880,Toiboid Simper,Campus Hiring,HR,2/6/2025,434102,0,Passed,Passed,Offered,Hired
881,Kendre Piscopo,LinkedIn,Data Analytics,20/02/2025,1177336,5,Passed,Passed,Offered,Hired
882,Hesther Boreham,Indeed,HR,13/02/2025,319848,7,Passed,Passed,Offered,Hired
883,Philly McLennan,LinkedIn,Marketing,26/11/2025,498677,0,Failed,Not Reached,Not Reached,Not Hired
884,Saunder Di Carli,LinkedIn,Marketing,2/5/2025,1182012,8,Passed,Failed,Not Reached,Not Hired
885,Jean Borland,Naukri,Sales,11/6/2025,850686,9,Passed,Passed,Rejected,Not Hired
886,Care Edelston,LinkedIn,Sales,27/11/2025,897441,9,Passed,Failed,Not Reached,Not Hired
887,Wain Rucklidge,Indeed,Data Analytics,24/04/2025,876474,10,Passed,Passed,Offered,Not Hired
888,Starla Peck,Referral,Engineering,10/8/2025,639251,5,Passed,Passed,Rejected,Not Hired
889,Derwin Ridesdale,Naukri,Sales,26/10/2025,642461,10,Passed,Passed,Rejected,Not Hired
890,Saleem Longega,Campus Hiring,Data Analytics,24/01/2025,368403,2,Failed,Not Reached,Not Reached,Not Hired
891,Rozele Hinze,Indeed,Marketing,8/11/2025,1080669,1,Passed,Failed,Not Reached,Not Hired
892,Waneta Baudasso,Indeed,Data Analytics,29/08/2025,684986,9,Passed,Passed,Offered,Not Hired
893,Lawry McShirie,LinkedIn,Sales,5/9/2025,866928,4,Passed,Passed,Offered,Hired
894,Catlee St Clair,LinkedIn,Engineering,6/3/2025,825998,5,Passed,Passed,Rejected,Not Hired
895,Ferrell Snelman,Indeed,Sales,4/7/2025,410228,5,Passed,Passed,Rejected,Not Hired
896,Bobina Toopin,Naukri,Marketing,6/10/2025,920709,4,Passed,Passed,Offered,Not Hired
897,Ashlen Galpen,Campus Hiring,Engineering,10/11/2025,771588,4,Failed,Not Reached,Not Reached,Not Hired
898,Andi Mettrick,Campus Hiring,Data Analytics,24/08/2025,973093,3,Failed,Not Reached,Not Reached,Not Hired
899,Teriann Frank,LinkedIn,Data Analytics,3/2/2025,816020,8,Passed,Passed,Offered,Hired
900,Ciro Harbard,Naukri,HR,26/02/2025,1094373,1,Passed,Failed,Not Reached,Not Hired
901,Sasha Kearsley,Naukri,Engineering,22/05/2025,728687,3,Passed,Failed,Not Reached,Not Hired
902,Ellary Kovnot,Naukri,Engineering,10/5/2025,1104745,0,Failed,Not Reached,Not Reached,Not Hired
903,Micheline Deniskevich,Naukri,HR,10/1/2025,1122602,8,Passed,Failed,Not Reached,Not Hired
904,Ermanno Alexis,Campus Hiring,Marketing,11/2/2025,931826,1,Passed,Passed,Rejected,Not Hired
905,Errol Brunet,Campus Hiring,Engineering,19/08/2025,534137,0,Passed,Failed,Not Reached,Not Hired
906,Janean Polotti,Indeed,Marketing,18/03/2025,896772,0,Passed,Passed,Offered,Hired
907,Aubrie Le Galle,LinkedIn,Data Analytics,9/11/2025,1023874,0,Passed,Failed,Not Reached,Not Hired
908,Tiebout Botcherby,LinkedIn,HR,7/7/2025,680380,10,Passed,Passed,Offered,Hired
909,Lynnelle Chastey,Naukri,Engineering,14/04/2025,886162,4,Failed,Not Reached,Not Reached,Not Hired
910,Myer Corragan,Campus Hiring,Data Analytics,26/05/2025,969705,5,Passed,Failed,Not Reached,Not Hired
911,Carmon Wylie,Naukri,Engineering,22/12/2025,662733,5,Passed,Passed,Offered,Hired
912,Jo-anne Soloway,Campus Hiring,Sales,1/5/2025,754283,9,Passed,Failed,Not Reached,Not Hired
913,Sargent Gorrick,Campus Hiring,Data Analytics,4/6/2025,948148,2,Passed,Passed,Offered,Not Hired
914,Harris Kyne,Campus Hiring,Data Analytics,6/11/2025,920502,4,Passed,Passed,Rejected,Not Hired
915,Jane Thornbarrow,Naukri,Data Analytics,18/08/2025,890531,3,Passed,Passed,Rejected,Not Hired
916,Rubin Sherrington,Indeed,Data Analytics,30/05/2025,491497,9,Passed,Passed,Rejected,Not Hired
917,Bourke Vasilyonok,Naukri,Engineering,27/09/2025,962867,6,Passed,Failed,Not Reached,Not Hired
918,Kerry Paradis,Naukri,Engineering,11/9/2025,898648,1,Passed,Passed,Offered,Hired
919,Keene Fazackerley,Naukri,Marketing,24/02/2025,1129467,3,Failed,Not Reached,Not Reached,Not Hired
920,Imelda Stiell,Naukri,HR,1/8/2025,501846,10,Passed,Passed,Rejected,Not Hired
921,Cassius Lathy,LinkedIn,Engineering,29/08/2025,342783,2,Passed,Passed,Rejected,Not Hired
922,Christian Whitfeld,LinkedIn,Engineering,16/01/2025,488782,2,Passed,Passed,Offered,Hired
923,Darill Vye,Campus Hiring,Data Analytics,21/05/2025,471988,4,Passed,Failed,Not Reached,Not Hired
924,Jordana Carslake,Indeed,Marketing,21/01/2025,1074815,6,Passed,Failed,Not Reached,Not Hired
925,Marget Birchwood,Naukri,Data Analytics,10/7/2025,655599,10,Passed,Passed,Rejected,Not Hired
926,Cash Atkirk,Campus Hiring,Engineering,5/5/2025,562047,4,Passed,Passed,Rejected,Not Hired
927,Odo Huscroft,Campus Hiring,HR,11/1/2025,674899,3,Failed,Not Reached,Not Reached,Not Hired
928,Maddy St. Pierre,LinkedIn,HR,18/09/2025,628728,0,Passed,Passed,Rejected,Not Hired
929,Emmanuel Wheatley,Campus Hiring,Data Analytics,29/11/2025,1010739,1,Failed,Not Reached,Not Reached,Not Hired
930,Preston Sommerlie,Naukri,Engineering,5/11/2025,975063,3,Passed,Passed,Offered,Hired
931,Helge Allchorn,Referral,Sales,23/09/2025,1153486,5,Passed,Failed,Not Reached,Not Hired
932,Lily Brixey,Campus Hiring,HR,26/11/2025,382349,9,Passed,Failed,Not Reached,Not Hired
933,Javier Alfonzo,Naukri,Engineering,28/06/2025,473361,2,Failed,Not Reached,Not Reached,Not Hired
934,Garnette Wyllis,Indeed,Sales,9/7/2025,714941,9,Passed,Failed,Not Reached,Not Hired
935,Annetta Bettington,LinkedIn,Marketing,27/06/2025,624791,0,Passed,Failed,Not Reached,Not Hired
936,Priscilla Killelea,Referral,Sales,3/8/2025,353909,10,Passed,Passed,Offered,Not Hired
937,Elana Lefwich,LinkedIn,Sales,18/03/2025,1112798,2,Passed,Passed,Offered,Not Hired
938,Guntar Iannuzzelli,Naukri,Sales,8/9/2025,333059,4,Passed,Passed,Rejected,Not Hired
939,Madalyn Sarjent,Campus Hiring,Data Analytics,15/10/2025,934840,1,Passed,Passed,Rejected,Not Hired
940,Demetris Stife,Campus Hiring,Sales,15/11/2025,523985,4,Failed,Not Reached,Not Reached,Not Hired
941,Bealle Austwick,Indeed,Engineering,2/10/2025,872123,8,Passed,Passed,Offered,Hired
942,Mufi Nevin,Campus Hiring,Data Analytics,13/11/2025,544401,2,Passed,Failed,Not Reached,Not Hired
943,Morton Hounsom,Naukri,HR,15/05/2025,719217,2,Passed,Passed,Rejected,Not Hired
944,Gilda Grigoryev,LinkedIn,Engineering,29/01/2025,799888,0,Passed,Failed,Not Reached,Not Hired
945,Tymon Soares,Indeed,Engineering,5/12/2025,971599,2,Passed,Failed,Not Reached,Not Hired
946,Michelle Fricker,LinkedIn,Engineering,26/04/2025,497761,3,Passed,Failed,Not Reached,Not Hired
947,Emilie Camies,LinkedIn,Marketing,9/9/2025,843578,5,Passed,Failed,Not Reached,Not Hired
948,Wait Jenner,Indeed,Sales,11/7/2025,1026979,7,Passed,Passed,Offered,Hired
949,Kirsten Sapey,Referral,Sales,20/10/2025,1144569,2,Failed,Not Reached,Not Reached,Not Hired
950,Sharia Arstall,LinkedIn,Data Analytics,1/9/2025,1012514,4,Passed,Passed,Rejected,Not Hired
951,Dalston Trow,Referral,Engineering,5/12/2025,322429,7,Passed,Failed,Not Reached,Not Hired
952,Solomon Bullant,LinkedIn,Data Analytics,22/07/2025,557811,0,Failed,Not Reached,Not Reached,Not Hired
953,Yolande Lavrinov,Referral,HR,30/10/2025,1057844,10,Passed,Failed,Not Reached,Not Hired
954,Lin Burfitt,Naukri,Sales,2/8/2025,977120,9,Passed,Passed,Offered,Hired
955,Arel Shilling,Campus Hiring,Sales,26/07/2025,1011410,6,Passed,Passed,Offered,Hired
956,Kleon Radsdale,Indeed,HR,24/10/2025,434009,0,Failed,Not Reached,Not Reached,Not Hired
957,Vanny Petroff,LinkedIn,Engineering,15/08/2025,843398,2,Passed,Passed,Offered,Hired
958,Jonis Wilfling,LinkedIn,Sales,30/11/2025,1190248,7,Passed,Passed,Rejected,Not Hired
959,Claude MacIlhagga,Referral,Data Analytics,27/06/2025,478906,1,Failed,Not Reached,Not Reached,Not Hired
960,Gage Jiracek,Referral,Marketing,2/10/2025,1021766,8,Passed,Failed,Not Reached,Not Hired
961,Rubin Joskowitz,Referral,Sales,26/03/2025,600299,6,Passed,Failed,Not Reached,Not Hired
962,Langston Dimitrijevic,Indeed,Data Analytics,22/08/2025,564125,5,Passed,Passed,Rejected,Not Hired
963,Hatty Neeve,Referral,Marketing,14/05/2025,693619,0,Passed,Failed,Not Reached,Not Hired
964,Ainslee Merrgen,Referral,HR,23/12/2025,788547,5,Passed,Passed,Offered,Hired
965,Elinor Dewsnap,Indeed,Engineering,9/2/2025,375766,9,Passed,Failed,Not Reached,Not Hired
966,Gennie Ghiron,Naukri,Marketing,28/06/2025,308660,5,Passed,Passed,Rejected,Not Hired
967,Kelly Torrecilla,LinkedIn,Marketing,28/08/2025,330165,0,Failed,Not Reached,Not Reached,Not Hired
968,Eadie Windus,LinkedIn,Marketing,2/6/2025,513049,1,Passed,Failed,Not Reached,Not Hired
969,Dalenna Roder,Naukri,Marketing,26/09/2025,529691,7,Passed,Passed,Offered,Hired
970,Nichols Southerell,Indeed,Data Analytics,28/08/2025,1084238,1,Passed,Failed,Not Reached,Not Hired
971,Wenona Moncreif,Naukri,Marketing,27/09/2025,1188392,3,Passed,Passed,Offered,Hired
972,Parsifal Rodgman,Campus Hiring,HR,20/10/2025,433421,4,Passed,Passed,Rejected,Not Hired
973,Obediah Straine,Campus Hiring,HR,1/4/2025,630207,10,Passed,Failed,Not Reached,Not Hired
974,Burton Shipp,LinkedIn,Sales,30/09/2025,895383,5,Passed,Failed,Not Reached,Not Hired
975,Juliann Clayfield,LinkedIn,Marketing,15/06/2025,474488,7,Passed,Passed,Offered,Hired
976,Denis O'Rafferty,Naukri,Data Analytics,13/08/2025,324337,1,Passed,Passed,Offered,Hired
977,Willetta Greguoli,Campus Hiring,Engineering,8/9/2025,1066471,8,Passed,Passed,Offered,Hired
978,Rabi Accum,Campus Hiring,HR,24/12/2025,753399,2,Failed,Not Reached,Not Reached,Not Hired
979,Kathe Tarver,Indeed,Marketing,19/06/2025,1020131,1,Passed,Passed,Rejected,Not Hired
980,Dru Krates,LinkedIn,Engineering,1/2/2025,736428,9,Passed,Failed,Not Reached,Not Hired
981,Rex Pepperd,Naukri,Data Analytics,18/10/2025,1057911,10,Passed,Failed,Not Reached,Not Hired
982,Stormie Gabbidon,Campus Hiring,Sales,9/7/2025,535461,7,Passed,Passed,Rejected,Not Hired
983,Nanice Werndly,Indeed,HR,11/8/2025,349529,3,Passed,Failed,Not Reached,Not Hired
984,Lannie Daulton,Indeed,Engineering,9/2/2025,501463,4,Passed,Failed,Not Reached,Not Hired
985,Kalinda Huckle,Referral,HR,27/05/2025,342726,3,Passed,Failed,Not Reached,Not Hired
986,Raimundo Pill,Referral,Data Analytics,23/08/2025,675105,7,Passed,Failed,Not Reached,Not Hired
987,Anthony Son,Campus Hiring,Marketing,3/9/2025,1159167,0,Failed,Not Reached,Not Reached,Not Hired
988,Lexie Sivills,Naukri,Marketing,3/4/2025,776938,3,Passed,Passed,Offered,Hired
989,Electra Ravens,LinkedIn,Marketing,29/05/2025,786819,3,Failed,Not Reached,Not Reached,Not Hired
990,Lynnet Ferroni,Naukri,HR,16/12/2025,808134,0,Passed,Passed,Rejected,Not Hired
991,Winfred Yeend,Campus Hiring,Engineering,4/10/2025,848205,10,Passed,Failed,Not Reached,Not Hired
992,Amalia Waby,Campus Hiring,HR,18/03/2025,1110076,9,Passed,Passed,Offered,Hired
993,Carmel Furmonger,LinkedIn,Sales,31/05/2025,417230,10,Passed,Passed,Rejected,Not Hired
994,Lindsey Dearing,Indeed,HR,1/12/2025,969476,2,Failed,Not Reached,Not Reached,Not Hired
995,Kiersten Cheel,LinkedIn,Data Analytics,21/02/2025,370871,10,Passed,Failed,Not Reached,Not Hired
996,Clarette Ridoutt,Campus Hiring,Data Analytics,7/8/2025,452334,2,Passed,Passed,Offered,Hired
997,Bessie Sneaker,Indeed,Data Analytics,8/12/2025,454990,5,Passed,Passed,Rejected,Not Hired
998,Rudolf Grizard,Referral,Sales,12/8/2025,512409,1,Failed,Not Reached,Not Reached,Not Hired
999,Klarika Sumbler,Campus Hiring,HR,21/05/2025,1104102,1,Passed,Passed,Offered,Hired
1000,Wynne Semeniuk,Naukri,Marketing,28/07/2025,1084728,10,Passed,Passed,Rejected,Not Hired
